,Military spending percent of total government spending ,Arms imports million constant U.S. dollars,Human Development Index (0 - 1),Economic growth: the rate of change of real GDP,GDP per capita current U.S. dollars,GDP per capita Purchasing Power Parity,Capital investment as percent of GDP,Inflation: percent change in the Consumer Price Index,Unemployment rate,Youth unemployment ages 15-24,Labor force participation rate,Trade openness: exports plus imports as percent of GDP,Foreign Direct Investment percent of GDP,Trade balance as percent of GDP,External debt percent of Gross National Income,Government spending as percent of GDP,Fiscal balance percent of GDP,Government debt as percent of GDP,Foreign aid and official development assistance received,Rule of law index (-2.5 weak; 2.5 strong),Government effectiveness index (-2.5 weak; 2.5 strong),Control of corruption (-2.5 weak; 2.5 strong),Regulatory quality index (-2.5 weak; 2.5 strong),Voice and accountability index (-2.5 weak; 2.5 strong),Political stability index (-2.5 weak; 2.5 strong),Corruption Perceptions Index 100 = no corruption,Political rights index 7 (weak) - 1 (strong),Civil liberties index 7 (weak) - 1 (strong) ,Shadow economy percent of GDP,Internet users percent of population,Income from natural resources percent of GDP,Access to electricity percent of the population,Food production index (2004-2006 = 100),Banking system z-scores,Real interest rate: Bank lending rate minus inflation,Freedom from corruption index (0-100),Labor freedom index (0-100),Economic freedom overall index (0-100),Population size in millions,Rural population percent of total population,Refugee population,Population growth percent,Life expectancy in years,Death rate per 1000 people,Suicide mortality rate per 100000 population,Deaths of children under five years of age per 1000 live births,Public spending on education percent of GDP,Globalization index (0-100),Economic globalization index (0-100),Political globalization index (0-100),Social globalization index (0-100),Homicides per 100000 people,Security threats index 0 (low) - 10 (high),Factionalized elites index 0 (low) - 10 (high),Group grievance index 0 (low) - 10 (high),Economic decline index 0 (low) - 10 (high),Uneven economic development index 0 (low) - 10 (high),State legitimacy index 0 (high) - 10 (low),Human rights and rule of law index 0 (high) - 10 (low),Demographic pressures 0 (low) - 10 (high),Refugees and displaced persons index 0 (low) - 10 (high),External interventions index 0 (low) - 10 (high),target
0,7.932758945841767,1411.0,0.3108,3.854707118525183,7078.271420159964,16967.390760551105,24.63866845808776,12.274064795625968,10.82,18.232,46.824,93.97344653605253,2.0831553419183875,-6.101176176320711,60.912189372075446,15.779431170503496,-0.6678876131493499,45.45766411942788,275.218,-0.6259594384648712,-1.0071632304941878,-0.24590544471952402,-0.8795852870494647,-0.9051966878962454,-0.5282532717136803,35.04389119744211,6.8,6.8,34.497754598338496,0.0,25.308700865743763,77.20779130186463,63.36,16.51338994757655,-4.403216006395434,36.29629547822104,59.547502079076146,53.85338878851016,15.76,78.556,26186.6,7.556,52.227999999999994,14.001999999999999,11.182006843665595,161.2,4.538859825239771,23.834,33.534,25.386000000000003,11.656,9.896846743764723,7.387182373571012,6.639303138322053,6.351399374568363,6.170503140607237,7.519970958501827,7.4334353898032175,9.29508630867076,9.170735695525385,5.4883708882709294,6.766785281407768,0
1,5.02,582.6,0.58,0.4600000000000001,2316.2560000000003,8588.86,29.139999999999997,13.040000000000001,20.6,33.02,44.01,43.808,0.016,-3.4159999999999995,49.554,17.666,5.199999999999999,93.4,217.292,-0.6025777284913958,-0.8259035243864119,-0.5805055689444374,-0.9451371908398456,-0.6560587466676059,-0.7618314878045478,32.25921647306436,5.0,4.8,34.96,0.0,13.132,71.91564379583895,31.5,14.169571005823451,0.7423967784895948,29.768290183583105,54.021618006177206,46.32829096520571,25.096,48.704,168867.4,2.6719999999999997,66.47999999999999,6.454000000000001,10.88402306305754,52.0,4.8453230976704385,37.644,24.124000000000002,64.19,24.618000000000002,10.021492009716077,8.014878824100949,7.304706859832123,7.381411039972619,6.192598903644514,7.652389158680883,7.328676339462647,8.385475474051386,8.424569017351256,6.706656829079779,6.310601998733625,0
2,6.865227213568634,254.67682191480128,0.845,-0.9199999999999999,39726.04,61891.440173135605,25.72166191316096,16.19616774974122,5.678305692852275,8.670716538632666,68.32974968982458,94.45880626577221,1.8546928184303955,8.45041502057038,47.57057147998373,20.046272807567828,2.0,40.68,179.79237822109127,1.482,1.6079999999999999,1.244,1.304,1.3119999999999998,1.31,68.101420571835,1.0,1.0,14.868915549736851,84.42,0.0,100.0,103.04372043812567,29.101999999999997,-0.09411500940839979,75.08142155942215,63.27226930236549,71.27346644769862,0.08,11.462,64877.19533182741,-1.5919999999999999,77.28546908021492,3.9,11.924452658850111,3.8,2.9625,47.44199999999999,39.818115410823935,20.488,86.908,0.24,2.6579250021109626,3.108769800692216,3.9161967986468564,2.9306305512690125,4.272241044892585,3.7865580852225804,3.6901337962978458,3.3663446552883274,2.6630099634006608,3.4859108118850526,0
3,6.409732733817706,419.3333333333333,0.774,-3.4160000000000004,5968.014,14670.996666666668,13.162,1.4,7.266992550768929,18.165530502818115,77.37,151.97,3.092,7.42,79.13499999999999,18.695,-9.06,86.715,122.756,0.96,0.495,1.31,0.645,0.5449999999999999,0.81,34.13262209927543,5.4,5.0,35.05079431908902,29.666666666666668,13.574000000000002,98.53999999999999,60.660000000000004,16.20916601986471,8.735,34.7587083488114,58.83040502662005,66.66253516714093,6.909999999999999,67.946,38268.666666666664,2.666,57.489999999999995,14.166,0.1,138.0,2.51,42.15,49.524,38.465999999999994,39.04,11.700000000000001,4.8,4.2,4.4,5.15,6.3,5.55,4.85,4.7,3.5,6.050000000000001,0
4,4.04,109.5,0.7686,-0.8779999999999999,10769.286,17890.19,19.952,2.6666666666666665,16.16,34.215,61.989999999999995,100.918,6.4719999999999995,4.95,56.365,16.046,-3.8480000000000003,76.146,50.26,0.6275,0.355,0.9025,0.5025,0.5475,0.75,35.0,2.2,2.2,26.17,38.044,0.8399999999999999,97.168,88.94000000000001,5.47,9.586666666666668,30.0,59.550368387194844,69.5,14.884,48.989999999999995,2383.5,1.214,75.12,6.806,3.9200000000000004,13.4,4.705,61.786,59.574,56.61600000000001,70.89399999999999,10.3,4.9,3.7000000000000006,4.1,4.8,5.7,5.8,4.566666666666666,4.8999999999999995,2.9,5.7,0
5,4.206666666666666,64.66666666666667,0.7274,-0.12400000000000037,2608.828,12412.744,18.163999999999998,381.0,18.113999999999997,37.524,60.727999999999994,64.714,1.364,4.952,86.792,15.178,1.39,141.33333333333334,122.66799999999998,-0.7775000000000001,-0.155,-0.425,-0.84,0.037500000000000006,-0.415,26.0,3.6,3.6,36.338,7.772,4.294,97.864,74.47999999999999,4.463333333333334,-29.14,23.6,59.823388455068006,51.0,26.922000000000004,18.94,13494.0,0.51,71.858,9.922,9.533333333333333,17.0,3.6833333333333336,57.186,46.501999999999995,73.04400000000001,51.891999999999996,9.55,3.6162463799580307,6.818084211649074,6.554090671751708,5.9835803881546665,7.06803164492494,6.945038329097473,5.132645230499716,5.7231445432112515,5.4151768711321076,6.167156407872523,0
6,7.55,1.0,0.673,7.066,1275.414,7561.3175,26.29,63.9,24.26,47.23,48.005,83.452,2.364,-28.012,33.038,20.346,-1.6879692342909323,33.70666666666666,403.36,-0.63,-1.065,-0.495,-0.645,-0.1,-0.34500000000000003,28.97384281139955,5.4,4.6,39.135000000000005,1.245,2.762,99.475,60.25999999999999,18.09,-7.949999999999999,10.0,58.22501358217102,39.75,4.9,56.705999999999996,24741.0,0.458,67.216,12.166,9.4,58.2,4.10234230855177,46.160000000000004,44.106,50.124,44.056,4.325,6.916266113037874,7.135376039057155,6.805865602101721,6.3693649075295635,7.2780235159904585,7.10261758358871,7.482659994715806,7.1566990825584424,5.76552084538804,6.433037867533691,0
7,4.675000000000001,54.5,0.706,6.508,11208.096000000001,8737.395,29.795,-89.69569060623255,28.865000000000002,56.905,43.515,97.22,2.62,33.406,50.035,12.224,-1.6115512251463127,26.564999999999998,245.64600000000002,-0.5549999999999999,-0.7949999999999999,-0.30000000000000004,-0.35,0.19,-0.19499999999999998,32.0,4.0,3.5,34.754999999999995,9.72,28.905,100.0,43.959999999999994,15.52,8.64,10.0,55.82166636591684,43.0,1.616,43.724000000000004,22362.0,2.104,70.216,7.0280000000000005,9.95,17.4,1.6166666666666665,58.55,54.665,62.415,58.565,1.8,7.415233478162293,6.297881319038759,5.913100663445646,6.148721196335303,6.330813667011757,5.885794973476594,6.641059827436072,6.484431264682025,4.8595902399232775,6.078574957058216,0
8,9.796666666666667,10.0,0.7873333333333333,-1.5879999999999996,17430.382,71510.68,31.656666666666666,5.66,5.010000000000001,13.603333333333333,66.29,106.998,2.508,32.222,42.73612808953987,17.901999999999997,5.155648148344149,0.0,3.016,0.6683855820453646,1.2504866078865327,0.7144323383777995,1.2564311866259366,-0.00696688882436397,1.0439558015978347,63.476849556324154,7.0,5.666666666666667,29.53,0.34,22.844,100.0,26.939999999999998,23.82331603767037,0.04791283327576057,72.59206748328597,72.947139864023,67.32740192997946,0.256,33.056,64867.222588563745,2.846,69.90599999999999,4.516,10.389941121908027,15.0,2.5366666666666666,45.93,62.4,20.593333333333334,57.47666666666667,2.3287280459306245,4.705696461457431,4.5809648081704,5.824035967219196,2.4558635934533255,6.250236665407254,6.525320318789422,6.803731793457014,5.31239912855696,4.310322126735751,3.5531613078798663,0
9,10.106,17.0,0.8146000000000001,0.804,27006.314000000002,70877.304,22.778,1.4,5.904,17.488,66.97,106.97,6.138,27.026,43.25631246879378,21.642000000000003,23.77,0.44399999999999995,1.775,0.45,0.9,0.3425,1.0150000000000001,-0.9575,1.15,67.00835665334941,6.4,5.0,28.998,28.2,26.633999999999997,100.0,61.120000000000005,21.139599248410956,-2.06,75.76560181915364,69.94116522222245,66.57906873553038,0.346,27.9,64870.31313564598,1.7439999999999998,73.35,3.7060000000000004,2.533333333333333,10.8,3.6873667842157745,52.676,65.228,29.032,65.832,1.5,6.6,7.4,7.050000000000001,3.2,7.65,7.7,6.699999999999999,6.1,5.25,4.7,0
10,13.592000000000002,131.8,0.6674,4.044,13360.331999999999,29034.435999999998,27.369999999999997,4.3,3.102,9.284,65.6,64.08,4.036,14.458000000000002,17.099999999999998,20.668,1.5120000000000002,21.444,2163.0266666666666,-0.426,-0.45199999999999996,-0.176,-0.38999999999999996,-1.08,-0.146,21.333333333333332,6.0,5.2,39.38,24.419999999999998,13.697999999999999,73.77000000000001,94.24,4.1066666666666665,11.176,16.0,58.333333333333336,44.333333333333336,31.516000000000002,52.29200000000001,64880.45103537212,0.966,69.09400000000001,6.552000000000001,2.56,36.4,2.0375,49.730000000000004,50.686,48.292,50.572,1.6199999999999999,7.220000000000001,8.059999999999999,8.24,5.58,8.059999999999999,8.580000000000002,7.659999999999999,6.5,6.720000000000001,5.9799999999999995,0
11,17.494999999999997,180.0,0.46259999999999996,8.129999999999999,1143.86,4122.389999999999,33.86,5.75,1.055,2.6225,72.232,57.47,6.630000000000001,-8.55,17.655,19.435000000000002,-3.215,36.85,680.908,-0.9199999999999999,-1.03,-0.595,-0.855,-0.8300000000000001,-0.9400000000000001,29.0,5.8,5.8,44.76,7.924000000000001,7.05,62.705,56.5,6.095000000000001,14.625,25.5,77.0,51.0,26.863999999999997,78.386,64885.35206077006,2.304,58.903999999999996,10.74,3.1,89.6,2.115,29.389999999999997,30.174,34.483999999999995,23.4,3.4,8.65,8.45,9.8,6.15,7.800000000000001,8.649999999999999,8.75,7.05,8.5,7.4,0
12,8.846666666666666,29.333333333333332,0.44820000000000004,-0.11250000000000071,389.406,1842.196,16.880000000000003,5.566666666666666,1.1199999999999999,1.834,80.162,105.828,3.9480000000000004,-10.575999999999999,49.626666666666665,4.686,-1.37,36.31333333333333,385.558,-1.23,-0.96,-1.18,-0.5366666666666666,-0.9400000000000001,-0.3833333333333333,22.0,5.2,5.0,48.42,0.21799999999999997,3.7880000000000003,26.069999999999997,44.94,27.376666666666665,9.508125567328177,23.333333333333332,44.0,59.333333333333336,12.022,81.788,122.2,2.336,59.708000000000006,9.198,5.5,86.4,1.72,36.275999999999996,47.474000000000004,37.016,24.336000000000002,3.84,7.449057237222359,7.278329059560325,6.734180807768339,6.736071052774851,7.290797257121726,7.0881437810516115,7.406382260525209,7.764845776700884,5.68456234902506,6.727895318816807,0
13,6.645999999999999,25.0,0.509,5.562,1119.622,2983.868,18.956,7.94,2.794,4.402,78.304,84.078,4.747999999999999,-3.5380000000000003,17.746000000000002,9.416,-1.074,20.06,599.642,-1.1019999999999999,-0.9200000000000002,-1.182,-0.688,-1.002,-0.53,21.5,6.0,5.6,35.286,3.56,5.932,44.774,79.46000000000001,16.866,8.038910096719896,22.2,47.4,53.6,18.06,60.906000000000006,60786.6,2.238,59.36800000000001,9.524000000000001,8.7,84.6,2.425,49.444,47.178,64.244,36.434000000000005,3.72,7.18,8.219999999999999,7.5200000000000005,6.7,7.92,8.7,7.58,7.959999999999999,6.7,6.659999999999999,0
14,5.79,62.6,0.5355000000000001,7.1659999999999995,759.6560000000001,3421.8450000000003,12.0375,6.466666666666666,3.5999999999999996,6.0649999999999995,76.18,46.278,0.73,-8.028,22.494,10.77,-4.65,19.09,398.238,-0.98,-0.865,-1.2,-0.9299999999999999,-0.99,-0.795,26.0,6.4,6.2,28.884999999999998,13.105,8.358,56.504999999999995,49.46,10.835,6.638458197235314,23.5,56.0,52.5,11.937999999999999,66.81800000000001,189433.0,2.614,50.17,16.256,10.2,176.0,2.62,34.256,28.645999999999997,48.528000000000006,23.616000000000003,1.0,7.85,9.35,7.8,6.0,7.65,8.35,8.2,8.2,7.449999999999999,6.65,0
15,6.206016088102197,175.4,0.5957651978002216,-2.3400000000000003,1067.108,8830.798057299122,13.106,261.26,10.481600441156592,17.580447202759522,64.57050865077862,37.224000000000004,0.388,-5.109999999999999,27.99,15.144,-1.504602415882574,48.61915423343776,91.346,-0.775162842657551,-0.9103397094780787,-0.7537875004976619,-0.885422296248193,-0.5167266260199224,-0.35652405711730767,29.2004860752268,5.8,4.6,37.903516569780024,10.11065554859898,8.937999999999999,79.13290479604262,28.020000000000003,16.82734215690588,-20.580709086081704,29.551041963100698,59.3656932406252,56.20151470587401,9.431999999999999,33.908,5875.0,1.916,61.04600000000001,10.102,11.247810552269701,100.8,3.67,42.112,32.912,54.938,37.876,11.89368526400168,5.35287182832655,7.024097393305267,6.657773158345641,6.245791000009869,7.2490988211443455,7.139834667844084,6.533431830842526,7.09019178676631,5.535046197406066,6.426424520149799,0
16,4.02,104.4,0.7050000000000001,3.5380000000000003,4537.944,26670.22,23.886000000000003,50.260000000000005,8.53,23.58,53.12,63.66799999999999,2.192,-6.997999999999999,57.28666666666667,17.288,-2.9,39.3,68.418,0.03,0.58,-0.05,0.41,0.47,0.57,44.0,2.4,2.0,21.56,44.24,6.388,100.0,45.38,7.8,4.33,34.0,46.0,54.0,4.409999999999999,47.589999999999996,33452.2,1.9100000000000001,71.336,6.6659999999999995,18.4,28.6,5.8,54.71600000000001,47.763999999999996,64.43199999999999,51.946000000000005,1.6,3.9,3.9,5.7,5.3,5.5,4.4,4.5,5.1,6.3,5.7,0
17,3.5775,16.4,0.813,-0.5899999999999999,12983.662,24474.1025,23.034,2.5799999999999996,12.6075,34.055,52.2275,82.63199999999999,2.7,-3.7900000000000005,53.97145861796514,20.322,-6.5,60.2,85.35000000000001,0.095,0.5925,-0.017499999999999998,0.4375,0.5075000000000001,0.6125,42.0,1.0,1.8,25.192500000000003,56.714999999999996,0.9460000000000001,100.0,103.25999999999999,7.745,8.3725,41.75,43.0,59.0,3.582,42.534000000000006,928.25,0.192,76.548,10.926,17.85,6.6,4.01,72.82000000000001,63.80800000000001,78.33,76.32000000000001,1.2,4.45,4.5,5.425,5.8500000000000005,5.125,4.475,4.525,4.475,5.675,5.375,0
18,11.609355256059514,47.0,0.6622,2.868,8263.698,20678.032,22.644,4758.8,2.6775,5.5525,62.025999999999996,92.166,1.294,-4.9,239.14,15.214000000000002,0.07770451581981952,47.358891994463875,76.59400000000001,-1.6298989019238839,-3.65585033758512,-3.5699255724370618,-4.181463137551341,-2.70705183004947,-2.431728692129958,42.905932462874745,2.2,2.0,38.0775,0.022,4.698,100.0,115.8,12.328970540408658,-440.85237409954425,39.29356307499211,50.94573230271807,53.1145090232077,8.684000000000001,39.65,344923.6,2.4539999999999997,71.274,8.864,10.430190511396496,44.0,3.6999999999999997,51.58200000000001,45.356,52.926,55.842,0.4,-26.93517188679631,6.629257301286287,7.575992560166403,5.068640303119799,6.855557466381769,6.409152120244817,-5.2429664325338745,1.505448188050451,7.263099135463668,4.976971590895097,0
19,10.733333333333333,15.8,0.3345,-0.47400000000000003,249.586,961.9125,13.266,255.27999999999997,2.9025,5.1025,72.4525,54.013999999999996,0.41400000000000003,0.348,194.42000000000002,6.636,-0.33,61.730372589478385,133.216,-1.9,-1.69,-1.535,-1.9300000000000002,-1.665,-2.765,36.851035190397276,6.4,5.2,46.8825,0.0,27.830000000000002,58.7842520821081,49.56,6.388750869006074,-14.451022883701528,10.0,37.52609400919588,40.5,35.632,64.03999999999999,661870.5,2.6759999999999997,51.44199999999999,15.063999999999998,9.789671497087951,158.0,6.52706858205606,33.326,28.627999999999997,51.19,17.504,5.908718615192547,6.991969413054951,8.385999807396647,9.885846548340398,5.76832975411708,8.17971635377467,7.1839612935215165,7.216114597635986,7.70208265182236,10.208341116966544,5.113410493660422,0
20,5.250500944433959,7.5,0.6026666666666666,3.12,1088.294,6351.03,20.863999999999997,30.72,6.275,11.89,57.01,71.114,1.6800000000000002,-5.41,51.998000000000005,3.474,-1.7707023684872714,50.197324908600386,76.388,-0.5243619336665784,-0.5651927665681722,-0.6046920553093458,-0.5410521610714689,-0.22636741972938754,-0.2143144233684956,28.141137648143275,2.2,3.0,35.845,0.0,2.3939999999999997,80.345,46.540000000000006,16.400480210762584,-5.895,28.131199476743237,58.68205417974131,55.29435777909912,6.790000000000001,46.396,2183.25,2.036,65.564,6.9879999999999995,11.35348056532974,67.6,4.15221020685663,39.884,31.384000000000004,43.018,45.245999999999995,11.600000000000001,6.878992257560206,7.043842111395693,6.621844575045951,6.319419743445635,7.130118126593403,6.965520241110171,6.8815095602467995,6.974157867050273,5.461328592044978,6.397318698600194,0
21,5.7178995152130305,34.0,0.6492,3.2619999999999996,1710.8220000000001,8430.962,22.232,44.8,4.475,9.5075,63.348,44.31,1.558,0.04399999999999995,79.672,11.028,-1.5857700235220773,74.38,188.308,-0.5124392773030193,-0.3710258059613656,-0.5739392169961678,-0.45950780972359384,-0.23913789329098672,-0.21077142846022373,29.184932024626626,2.0,2.8,36.08,0.012,8.516,77.41089178033478,54.48,16.640700635234552,2.527215552670999,29.54172045093626,59.18139804163874,53.27982474605504,10.718,43.796,292.8,2.2939999999999996,69.762,5.896,11.350115529880192,48.8,4.077437063613635,48.624,39.64,65.342,40.882,9.419999999999998,6.348135818732281,6.9817236950914765,6.588099898632209,6.2564362243119085,7.139192445281957,6.990043471846173,6.284411119279566,6.629959843133463,5.448180684415291,6.379963849627143,0
22,7.797999999999999,37.0,0.6694000000000001,1.5939999999999999,1913.818,8464.172,21.514,50.54,4.67,9.692,65.702,49.566,2.21,-1.104,83.58,10.586,-0.95,65.562,163.74200000000002,-0.605,-0.52,-0.795,-0.255,-0.07,-0.365,23.0,2.6,3.0,35.760000000000005,1.0379999999999998,8.936,93.196,73.22,8.24,1.878054239339614,28.2,59.12664999297553,60.4,12.436,40.206,809.8,1.97,72.412,5.247999999999999,6.65,31.6,1.6333333333333335,54.205999999999996,47.013999999999996,64.826,50.775999999999996,13.1,6.159989886575902,6.955646303501913,6.562677195178363,6.233951445252558,7.109996445871532,6.95085125243049,6.0289062604741535,6.4522760406836035,5.41431128382401,6.352970188771871,0
23,6.2275,12.75,0.758,0.02400000000000002,6058.92,11097.98,24.668,0.06000000000000001,4.744,10.09,65.184,45.525999999999996,0.9750000000000001,0.288,47.839999999999996,15.068000000000001,-4.18,53.484,380.0566666666667,-0.546,-0.322,-0.55,-0.8400000000000001,-0.010000000000000004,-0.186,35.8,3.0,3.25,35.34201028694737,59.875,6.15,98.96000000000001,95.375,10.288,6.681783913342451,32.2,47.0,49.6,17.354,35.998000000000005,91940.0,1.6280000000000001,76.9025,5.1175,8.299999999999999,13.5,4.3975,60.336666666666666,40.013333333333335,77.24666666666667,63.75,5.8,6.32,8.2,6.7,5.88,6.38,6.0200000000000005,4.36,6.1,5.62,5.7,0
24,9.117446528732835,962.2,0.3940862806173043,4.948,753.378,7170.19364630889,30.014,18.94,4.388510313898001,6.677084997682311,65.75388590180447,44.04600000000001,2.9699999999999998,-12.11,113.44000000000001,14.190000000000001,-2.036443945905981,49.8097846817439,1661.5580000000002,-0.7889334098838038,-0.86420085308088,-0.7445174317942352,-0.6455344540566745,-1.1069664536828903,-0.9855411653459989,27.415969270099005,4.8,4.0,38.538334130823806,8.804220337393351,13.428,51.37665845184296,34.559999999999995,16.35049534019523,2.1759999999999997,27.764058071612958,58.492536424376304,52.66106113868618,52.008,56.176,1336.0,2.658,63.04200000000001,9.41,11.388284283148522,103.4,4.5649999999999995,49.642,47.778,74.478,26.665999999999997,12.113202900040253,6.784835225599709,7.609667854523908,7.046705957767954,7.297381647596996,8.27600376450706,8.216669622716578,7.143443900355875,8.290385505767274,6.477350652669107,7.670835316975029,0
25,4.796,14.5,0.6248,1.524,2222.58,6724.178,17.988,3.4,6.444,11.884,58.876,67.91,2.636,-16.86,59.58,13.88,-4.1259999999999994,50.983999999999995,233.93200000000002,-0.5225,-0.495,-0.5549999999999999,-0.17,0.042499999999999996,0.0024999999999999953,38.2,2.0,3.0,43.739999999999995,2.66,0.44800000000000006,87.292,82.3,17.72,6.561562151965208,37.4,68.0,72.2,5.99,39.442,135.0,0.548,69.66,6.714,6.640000000000001,28.2,3.1833333333333336,59.916,61.164,67.86,50.724000000000004,58.8,6.29668870209584,6.981661978180228,6.545537756108976,6.350590887053102,7.083232715890326,6.885515096747543,6.009345776275918,6.478830655723436,5.418725892724073,6.413374157288857,0
26,4.71,7.2,0.8568,3.4799999999999995,17774.224,28604.485999999997,26.206,2.92,11.008,21.976,61.112,161.704,7.384,4.014,52.14411754997526,18.7,0.38,8.7,333.8920302447148,1.208,1.016,1.122,1.46,1.1280000000000001,0.688,66.0,1.0,1.0,19.298,78.646,1.966,100.0,88.34,11.64,5.120205817893616,65.0,54.4,74.8,1.322,31.915999999999997,49.4,-0.302,76.432,11.7,19.3,4.0,4.895999999999999,82.214,85.708,76.518,84.424,4.4,2.88,5.5,5.640000000000001,4.08,4.6,3.94,2.7800000000000002,3.9,3.6399999999999997,3.46,0
27,6.692850322245098,530.0,0.3915952849552943,3.560655098007404,6927.364774352717,16845.2031550356,24.81701934382107,16.0,6.050417655388774,12.73890876325491,69.71418993605411,61.1949331823395,2.4409970448436042,-6.436665549959461,58.685920538007466,15.546490594759945,-0.6968573551701494,45.219452502070865,159.168,-0.7520700953089484,-0.563990576481419,-0.3285412834131106,-0.511824966615549,-0.6420562222496934,-0.22487764814283093,34.91473237060032,7.0,6.8,34.4177127504113,18.91925270478243,13.958653090140453,80.6526866167108,39.456455495358455,16.751611162529056,0.7418827288158027,36.35900244332603,60.049191248356806,61.46454964416043,34.066,89.978,10884.0,1.5219999999999998,43.974000000000004,21.06,11.315943437851857,243.4,4.254957735755627,19.572,16.092,37.69199999999999,4.938,10.07372633662031,6.725137300632912,6.500609033613539,6.26100440254267,5.903231254353495,7.0051140352532855,6.88819632760495,7.653068736755879,7.211920539228746,5.190417735693375,6.254068497038056,0
28,14.447999999999999,140.0,0.3952013570344475,4.284000000000001,134.32999999999998,700.2360000000001,0.0,2.48,3.342,4.966,78.716,35.21875742426227,1.476,-5.3798032883449665,130.82,14.934261260803043,-2.814,57.98831970031066,799.242,-0.94,-1.2,-0.915,-1.2850000000000001,-1.0350000000000001,-0.8400000000000001,30.88070460821303,4.4,4.8,37.208,0.002,28.306,54.67177693620876,35.6,10.668639313907228,9.553999999999998,30.0,46.720385634608725,46.5,58.864,85.994,343460.6,3.19,49.814,15.862,10.661920961884904,165.4,2.7649999999999997,27.915999999999997,24.064,49.882,9.806000000000001,9.288282524454411,8.617995256430568,8.060309919477158,8.528733896684559,6.568635547668624,8.04910543724262,7.444853422020407,7.856594752788287,8.099594649721158,8.365911572521426,6.251295620203543,0
29,5.88,83.0,0.587,1.932,11835.782000000001,22057.528424121316,24.074,5.76,8.18272441717004,14.063176201265739,63.64923731604558,54.012,1.058,-1.1280000000000001,18.26,20.933999999999997,-2.65,32.325,35.87,-0.2272344609538175,-0.14980850926798173,-0.08084256465052231,-0.17395469999456914,0.04389914556608682,-0.13049511063003547,42.15146588920932,1.2,2.0,31.774590617076925,23.895536939488807,0.44400000000000006,84.34561002438475,106.9,14.11856280756527,4.254411350762215,41.37878228878994,55.30375417439732,59.81110728455977,45.839999999999996,33.436,179430.75,0.8880000000000001,73.35999999999999,9.086,11.097769769302918,17.0,4.68,67.602,56.586,82.184,64.08399999999999,6.940140660383935,6.115368774379444,6.201085671225911,6.6268992815690275,5.098662016850233,6.568396027603082,6.112447561113749,6.2984714021976576,6.618726023133927,5.751229867943086,5.154996617626084,0
30,3.3259999999999996,188.6,0.922,1.436,38295.778000000006,47918.5275,20.851999999999997,1.8,6.4775,9.4025,59.730000000000004,73.364,1.932,4.118,119.18330349523461,19.808,-2.04,69.94000000000001,55.042236183891134,1.645,1.53,1.77,1.5425,1.3425,0.8200000000000001,79.5,1.0,1.2,10.1175,81.155,0.174,100.0,97.02000000000001,11.817499999999999,3.9001624761799065,79.0,41.25,71.25,76.464,23.596,505940.4,-0.304,79.43199999999999,10.34,13.025,5.0,4.818,84.536,74.75,95.782,83.076,0.925,2.25,2.0,4.675000000000001,3.075,4.525,2.0,2.2,3.05,4.0,2.075,0
31,2.09,30.8,0.5878,4.708,9698.036,12494.06,24.663999999999998,15.280000000000001,5.928,10.238,70.522,89.226,1.9240000000000002,-14.407999999999998,70.465,13.501999999999999,-1.815,44.952,1198.2350000000001,0.29,0.132,0.166,0.118,0.48200000000000004,0.23600000000000004,43.0,1.4,1.8,35.912,18.326,9.478,59.105999999999995,71.76,13.636666666666665,7.662817774935567,44.4,48.0,60.6,33.372,46.988,74402.8,2.056,62.888,9.873999999999999,8.059999999999999,68.6,6.29,61.126,54.126,81.902,46.798,1.7600000000000002,2.2,2.0,4.3,2.6,3.9,1.4,1.9,2.4,3.6,1.4,0
32,2.832,16.0,0.5668,4.492,1950.122,6203.522,19.792,8.16,3.406,6.134,64.636,67.914,2.73,-16.428,32.98,8.67,-2.82,21.425,526.322,-0.858,-0.576,-0.5740000000000001,-0.29400000000000004,-0.10400000000000001,-0.642,27.6,3.0,3.6,49.648,5.6899999999999995,3.2019999999999995,75.4,64.22,23.234,6.765,27.2,57.75,59.6,15.056000000000001,52.616,7350.8,2.16,67.886,6.228,9.72,49.0,3.8799999999999994,58.251999999999995,51.94200000000001,75.692,47.010000000000005,32.78,4.85,4.7,6.1,5.5,7.4,6.45,5.8,6.5,5.25,5.0,0
33,3.12,17.2,0.594,1.16,813.7860000000001,7365.28,16.26,9.666666666666666,3.31,5.32,62.14,61.74,0.766,-3.533333333333333,62.0,10.763333333333334,-1.57,19.48,260.314,-1.12,-0.65,-0.67,-0.25,-0.2,-0.71,31.0,6.2,5.4,50.47,8.3,11.193999999999999,81.89,55.08,30.01,-0.24999999999999978,26.0,60.0,60.0,7.5,71.11800000000001,127.0,2.508,54.032000000000004,14.784,8.0,176.8,1.78,36.962,34.298,49.126,26.356,44.9,7.3,6.0,6.9,6.7,8.0,7.2,7.1,6.8,6.0,5.3,0
34,6.0559037680000785,19.6,0.5476561901391462,6.296,378.688,7206.309751217416,20.072499999999998,7.5,6.944061552908545,12.40620015012549,66.0596649645389,70.41499999999999,0.5,-4.6875,39.254000000000005,11.99,-1.5814359621192389,50.18958625257254,50.382000000000005,-0.7136511761571974,-0.6752209964092046,-0.6543326841985103,-0.6471164395328459,-0.42715393845383726,-0.37157496042512317,29.311776592104636,6.2,3.6,38.35542042586075,8.268133507160648,5.2700000000000005,76.62695864354164,52.379999999999995,15.8911311465913,5.683245444277367,28.38528910325376,57.30581979025166,56.78381898327963,3.812,69.57,64884.089231793485,2.884,55.36,12.996,11.123980561123094,127.6,0.97,35.275999999999996,35.944,38.044,31.766,11.573848628433975,7.353835233306533,7.1936553698991945,6.995107076627294,6.195397659098283,7.301124681931038,7.104270465337342,7.468556582870313,7.191409943931738,5.954607769660866,6.2465089146249815,0
35,3.3449999999999998,128.04733415174996,0.5589999999999999,3.5140000000000002,1104.252,4108.964,27.122000000000003,9.559999999999999,4.202,7.484,64.036,119.34200000000001,4.204,-13.3,77.53,13.496,-5.305,64.155,483.742,-0.94,-0.68,-0.9866666666666667,-0.5666666666666667,-0.14666666666666667,-0.23666666666666666,25.666666666666668,3.0,3.0,49.82,2.118,1.43,65.44,74.24,30.3425,16.774,22.0,57.875628507369974,58.2,6.752,53.95,18.2,2.66,70.962,5.146,2.125,35.4,4.159598316508419,56.086,59.513999999999996,61.65,47.096,50.36,6.472971607707793,7.201003852890001,6.689357960007208,6.656675650877503,7.3135722419335,7.122739522671048,6.466553086628314,6.845838517812089,5.6629703096153206,6.7091974859818855,0
36,0.0,272.5852887733882,0.9339999999999999,4.45,66072.204,55240.231999999996,21.11,2.16,3.182,7.372,76.21000000000001,89.036,-6.302,5.286,41.6120167872204,23.736,2.5,48.85,237.59925213809822,1.6480000000000001,1.458,1.85,1.35,1.3599999999999999,1.4140000000000001,77.6,1.0,1.0,12.45,98.542,0.0,100.0,105.46,2.27,4.004,78.0,62.6,74.6,0.344,6.224,443.8,1.932,82.67,6.540000000000001,12.440000000000001,2.0,7.5075,72.21199999999999,69.242,61.056,86.33200000000001,0.7000000000000001,0.9400000000000001,1.8,1.2,3.34,1.1600000000000001,1.04,0.9800000000000001,1.54,1.72,4.14,0
37,7.454431084993333,1226.8,0.45386400946371275,10.788,899.6060000000001,8160.930277942493,23.670643845504344,8.02,11.538436170766012,20.419473771780808,54.67565837601543,82.02799999999999,-0.10600000000000001,19.57,70.38803169288907,23.81,-1.4511762080879562,49.813858806969904,34.174,-0.9134065773382309,-1.4465679914421674,-0.5390836173238225,-1.3156884512257694,-0.8676615517655932,-0.718285446911854,29.66299176448204,7.0,7.0,38.18917963327336,8.553104438562638,46.974000000000004,75.24356489565265,73.16,15.963246116316766,-2.804699033118631,28.939661019879892,57.46640464941451,45.73023466492491,11.322,39.658,64883.91919758234,3.254,60.516,10.245999999999999,10.962917887616607,94.6,4.628025762747371,35.58,46.882,40.534000000000006,20.844,11.430667280453083,7.675461176774398,7.260783261943028,6.948419537170787,6.473862942837447,7.882757085001144,7.762302259017138,8.89364027649553,9.35182599114116,6.111184682406078,6.9042505258714515,0
38,6.3420131996936835,128.8024639804167,0.5856,17.363999999999997,932.052,5918.488,31.886000000000003,84.34,8.822,16.246000000000002,42.282,75.358,0.01,12.4,78.6039705150037,8.437999999999999,-1.695982938004744,51.84560973483245,219.798,-1.5550000000000002,-2.005,-1.51,-2.175,-1.95,-1.675,29.71853962881461,7.0,7.0,38.32421669019969,0.0,33.362,72.92987911404873,114.12,14.782918451637043,-2.579769160428775,10.0,55.22648825329269,17.0,21.456,31.477999999999998,113329.2,3.088,68.858,5.822,11.080600161906052,47.0,4.53488439316894,39.592,46.802,51.012,22.06,11.080898384683461,7.338438054132452,7.310249891846797,7.2033435335909966,6.292012761958135,7.429801094011985,7.1333457661863555,8.092531402256924,8.134070956831062,6.338036608259907,6.286207449009962,0
39,7.742455524770318,650.4,0.818,6.03,18750.305,26664.605000000003,26.115000000000002,11.32,10.798,17.702,61.129999999999995,61.87,1.3050000000000002,-7.46,62.70802273154964,26.59,-7.202,108.396,1424.294,1.28,0.77,1.35,1.08,0.7,-1.15,44.13095251533171,1.2,2.8,23.548000000000002,0.8780000000000001,0.0,100.0,66.08,14.478512919783565,1.6931631281221495,30.0,57.666382910520454,62.0,5.404,9.238,64882.90444799901,2.8,77.32000000000001,6.38,11.76245778375427,9.4,4.580456338438818,61.81,54.174,62.470000000000006,68.78999999999999,2.56,5.556937013726831,5.829492020985792,5.849628427257177,5.755366849841006,6.610112215856376,6.225244902392883,5.761037652341116,6.17318364510382,5.2028002169093295,6.056216359776965,0
40,7.698,127.68990657755991,0.45339999999999997,3.496,1711.7459999999999,3625.994,18.328,2.9400000000000004,6.83,9.686,59.5,66.22,1.06,1.8559999999999999,51.376,15.31220768452161,-1.69,43.61,1635.8020000000001,-1.26,-1.19,-1.056,-0.9,-1.028,-1.474,26.82166982830584,6.0,5.4,43.2,2.7800000000000002,5.308,57.504,77.17999999999999,20.16,2.386,21.0,57.2,54.4,20.556,52.67,20759.4,2.338,52.968,12.59,11.08,106.6,3.164,52.278,47.536,70.762,38.226,11.4,8.68,8.98,9.02,7.9799999999999995,7.94,9.22,8.540000000000001,8.28,8.32,9.719999999999999,0
41,6.368687847091607,48.0,0.5485523160100796,4.098000000000001,336.046,7368.876120739807,22.424,9.16,5.241562419798834,13.356752470212092,65.17547090930674,54.370000000000005,0.396,-4.308,66.572,18.03,-3.4659999999999997,49.41610151292622,446.274,-0.6609334415532898,-0.49480264635710913,-0.6659676005832309,-0.43700563293006667,-0.4551522243660472,-0.355209826666083,28.206427190088093,5.8,5.2,38.351479047175694,8.9752990807438,3.874,71.90702018783651,41.0,16.638315071406065,5.138,28.314713661078315,58.909582281636595,54.76250625722006,19.892,83.92,8374.0,3.7399999999999998,58.986000000000004,10.128,11.308091797439442,97.8,5.3075,39.204,38.598,57.072,21.936,12.13603071944092,7.036777839112135,7.206888168773681,6.81724448364895,6.45122213382593,7.383693733025632,7.259952785047272,7.009401704214119,6.926712727582471,5.767880304338766,6.5677088978510545,0
42,5.846,22.0,0.45780000000000004,1.6059999999999999,293.52799999999996,3338.5860000000002,19.322,24.76,3.096,6.702,72.87,64.88199999999999,0.6819999999999999,-0.14399999999999977,100.86,15.384,-7.401999999999999,55.27220590154128,825.594,-0.8780290454186371,-0.7725669580526211,-0.8966845466492458,-0.7450103291507264,-0.822907741211387,-1.0985962328226226,30.684907633481785,5.6,5.8,33.056,0.0,6.196,6.6000000000000005,53.17999999999999,12.257980636934514,8.644,50.0,49.92927796766482,55.0,26.142000000000003,82.354,262208.0,3.148,55.132000000000005,10.931999999999999,10.82803194673239,108.4,6.15,43.658,43.178,65.904,21.892000000000003,9.846765684317868,7.67907407060429,7.838892469012367,8.130621811609887,6.500131456095056,7.877057793996989,7.388377604072672,7.3072824151470215,7.955100453690343,7.749604881874111,6.266995958290105,0
43,4.613559283978546,124.2880544467756,0.598,1.768,1670.654,1960.578,24.486,-0.96,10.179575781656807,11.745502867907208,51.74529308984635,104.20599999999999,-0.754,-77.774,73.15155892444895,64.084,15.399999999999999,8.228,59.926,0.096,-0.76,0.06599999999999999,-1.266,0.8,1.218,31.5,1.0,1.0,38.084502436238935,10.714,0.06799999999999999,75.41600000000001,98.46000000000001,14.526880548600204,7.293576803241207,30.2,84.0,45.6,0.10600000000000001,50.918,64886.26950707027,1.61,66.38199999999999,6.866,30.360000000000003,61.8,12.4025,43.536,60.95399999999999,14.678,60.676,7.3,6.700300926656139,7.199856762230718,6.8507836462608775,6.492481414999671,7.180428969813228,6.862128715473784,6.896270915128758,7.547547481006658,5.866574544607986,6.431137113884404,0
44,5.07,125.40185383004979,0.5778,-9.546000000000001,418.70200000000006,3040.678,16.828,31.9,4.42,7.422,65.044,78.16999999999999,2.7825,-12.936000000000002,28.591999999999995,19.722,-11.309999999999999,52.39716963731136,147.226,-0.73,-0.38,-0.99,-0.3,-0.79,-0.17,26.683310202153702,4.2,3.2,42.796,0.0,1.0,74.56490861059149,59.64,15.70137765347812,20.12,25.889899189339054,57.315656657243885,57.898617246843415,4.55,63.366,18148.75,0.724,66.732,7.659999999999999,11.355869717076562,63.4,5.55,37.964,40.336,27.380000000000003,46.176,11.54,7.333138914924456,7.224296245067352,6.7636125624432895,6.553610250496651,7.281476734391614,7.076201487312141,7.350571567582852,7.5284063806612025,5.6960421421132095,6.589578307854279,0
45,2.934,2.0,0.496,6.816,433.48400000000004,3433.054,30.538,10.059999999999999,1.502,3.4579999999999997,79.536,69.53,1.67,-11.82,137.524,8.01,-3.9480000000000004,79.864,253.50799999999998,-1.214,-1.02,-1.068,-1.294,-1.6920000000000002,-0.504,29.5,7.0,6.0,29.974,0.596,7.452,52.416,42.78,15.103172160749123,17.503999999999998,10.0,62.0,42.4,5.6659999999999995,73.92999999999999,64885.390955499,1.552,61.062,8.668000000000001,6.5200000000000005,91.0,2.6525,36.808,42.08,36.442,31.701999999999998,11.920444396750797,6.81042985395071,7.311539154896958,7.006378128526245,6.488122894436312,7.316576332914814,7.058240977199587,6.5039484037781925,6.816033245694635,6.054436019273765,6.4571724727890984,0
46,4.819999999999999,20.2,0.7982,9.866,8591.15,20709.561999999998,35.892,6.4799999999999995,9.376000000000001,16.314,58.24400000000001,94.738,5.64,-16.364,55.39665657210685,18.726,-0.8800000000000001,11.8,137.59,0.606,0.5599999999999999,0.292,0.924,0.7859999999999999,0.766,43.0,1.2,1.4,20.172,44.872,1.348,100.0,70.66,6.022,4.619170758841925,38.2,66.0,66.8,2.242,32.086,17.0,-0.976,71.31,14.580000000000002,25.3,10.6,4.8,69.736,76.834,59.698,72.676,6.4799999999999995,2.2,4.4,4.6,5.8,7.0,4.7,3.8,5.2,5.7,4.3,0
47,8.451873758525581,10.4,0.6320034376524982,2.9748175911564623,8707.303648762132,14854.829270630336,17.727203731567492,471.5030571708098,7.931210688780483,10.50623638792573,63.55647150659742,70.66788152186967,0.3173009887128164,0.7075000031630321,129.8776709023236,15.830982220510498,-0.29632451239065105,52.927743468756745,112.28800000000001,-0.43857880075274824,-1.0230001617930742,-0.7466300302673234,-1.1456189100230905,-0.6595832030478316,-1.1702683591371974,43.055706156250494,3.6,3.6,34.55904520212528,13.714415728282424,14.37256314604135,73.25955026008914,40.519999999999996,9.2992959524064,-36.960891324733446,35.9965764918455,44.82780285855435,49.21845815071145,2.584,31.645999999999997,483362.2,0.908,67.34,7.394,10.354313657619391,55.8,5.92225235099772,50.508,59.522000000000006,42.004000000000005,49.968,4.939571017956814,3.855485896537018,7.1187357525046195,8.344395582545223,5.143161683381584,7.214687446274877,6.394836484663196,5.306700935568406,6.291003171332785,8.199989984397885,4.791313029858994,0
48,4.3100000000000005,12.0,0.8603999999999999,3.2700000000000005,16378.976,32347.682,19.926,1.3,8.18,14.876,60.114,141.836,2.2600000000000002,1.136,50.64125290701147,16.698,0.06000000000000001,16.0,318.26172939186426,0.9800000000000001,1.052,0.5820000000000001,1.168,0.962,0.77,59.2,1.0,1.0,18.134999999999998,75.046,0.388,100.0,96.8,7.4959999999999996,4.8111154889530665,57.2,62.0,74.8,2.866,32.618,1338.6,-1.084,74.934,14.14,32.08,4.6,4.0840000000000005,80.598,77.97999999999999,78.83200000000001,84.97999999999999,5.25,2.96,3.0,4.279999999999999,4.64,4.74,2.94,2.5,3.04,2.48,3.56,0
49,5.4,0.0,0.5035999999999999,1.5879999999999999,505.054,1583.028,29.304000000000002,8.540000000000001,2.9739999999999998,3.374,86.662,60.754,9.453999999999999,-14.972,26.706,13.768,-2.0740000000000003,31.718,514.958,-0.778,-0.942,-0.434,-0.53,-0.754,-0.6859999999999999,30.4,5.6,3.8,43.266,1.8359999999999999,6.215999999999999,16.131999999999998,102.9,13.412,37.572,30.6,48.6,62.0,21.162,68.056,5.0,2.792,63.39200000000001,7.382,5.68,69.6,2.57,47.682,47.416,61.017999999999994,34.616,1.4666666666666668,6.36,7.5200000000000005,5.3,7.5,7.58,6.82,5.9399999999999995,8.459999999999999,4.26,7.92,0
50,6.175312113130559,4.4,0.38635072905961676,5.92,150.386,6841.318882845492,23.626367490813944,15.25,5.528426312246827,10.914825838208396,72.98611668688427,80.55728999787691,1.0819999999999999,-8.660778157524076,68.55799999999999,14.517119448295738,-1.6342035944449802,50.37104998895272,106.51199999999999,-1.0075081137496815,-0.7567967469200856,-0.7277053102491089,-0.5933164441573793,-0.6829262724721716,-0.455687391440827,29.040430079211355,6.4,6.6,38.524479573600225,7.870145938978771,6.7299999999999995,74.83816587604332,16.54,15.872519246200515,5.99,28.07151279970349,57.23641132545612,64.14734329703012,6.279999999999999,90.974,64884.14502528578,3.332,44.053999999999995,21.674,11.122292104707554,273.6,2.42,28.762,40.676,27.134000000000004,18.48,11.643429315567879,6.953093791644321,7.242254342477772,7.037541956119305,6.2658946400805,7.328344632807389,7.155061424714357,7.058739801244746,6.645833331419703,6.027089195880868,6.313042483053889,0
51,2.74,10.0,0.36775,3.178,258.472,1078.3975,23.795952430386706,13.02,5.8175,8.3325,77.4925,68.52053902374603,1.778,-10.080255112244734,94.822,14.817350967945725,0.0,82.9575,434.974,-0.20500000000000002,-0.81,-0.825,-0.5375,-0.52,0.07,28.25,4.2,4.6,39.73,0.3075,6.8759999999999994,6.3325000000000005,31.939999999999998,15.6225,9.978,32.5,58.0,54.5,11.262,85.986,22660.2,3.052,46.396,17.316,8.0,153.2,3.21,39.18,41.768,46.91799999999999,28.860000000000003,2.95,7.1432703621721485,7.358243689552641,6.8625137826982145,6.78110800767258,7.333271213697503,7.105480494542738,6.870768913431514,7.406454904356437,5.892921820354813,6.741126649420298,0
52,2.274,154.0,0.6416,2.39,5752.174,14136.420000000002,21.7725,10.3,3.346,5.738,62.512,49.230000000000004,2.478,-1.5975000000000001,23.137999999999998,9.74,-2.7279999999999998,22.582,192.57,-0.3333333333333333,-0.13333333333333333,-0.29000000000000004,0.02666666666666669,0.12,-0.04666666666666667,33.333333333333336,2.6,3.0,32.626,5.2620000000000005,3.5140000000000002,78.69000000000001,68.16,18.29,6.192,31.0,58.0,59.4,82.266,37.058,15061.2,1.682,69.40599999999999,6.7299999999999995,4.675,43.0,4.055,55.73,46.532,69.0,51.652,9.719999999999999,6.663822402847515,6.598842037273559,6.350900265931305,5.918200888031446,6.9184994018695285,6.722644865772715,6.708919258510667,7.320490055948366,5.22642691437483,6.104247596398853,0
53,1.58,41.0,0.7327999999999999,2.338,8816.116,18034.742000000002,22.558,4.24,3.618,7.156000000000001,59.556,54.964,2.66,-1.7,19.36,10.606,-1.476,22.7,164.45999999999998,-0.492,0.10400000000000001,-0.312,0.306,0.19,-0.548,35.0,2.0,2.6,29.862000000000002,18.43,5.478,98.452,83.38,22.47,2.32,35.4,61.75,65.4,107.328,23.45,3046.0,1.4460000000000002,75.232,4.8759999999999994,4.12,22.4,4.8260000000000005,63.286,52.604,75.644,61.614,9.66,5.949999999999999,4.8,5.949999999999999,6.1,8.4,6.1,5.1,6.95,4.0,6.35,0
54,2.346,66.5,0.7338,2.3920000000000003,4676.126,12507.119999999999,27.363999999999997,4.5600000000000005,5.840000000000001,15.406,59.49400000000001,97.79400000000001,-1.27,-1.9780000000000002,200.094,13.874,-10.638,26.3,369.56000000000006,-0.34,-0.16399999999999998,-0.44000000000000006,-0.064,0.266,0.49000000000000005,36.6,1.2,2.2,22.924999999999997,28.389999999999997,12.224,93.41,107.16,33.886,11.088,36.8,74.8,59.0,24.96,29.830000000000002,249.2,1.802,70.55199999999999,6.07,16.5,18.6,4.965999999999999,65.15,60.778,71.072,63.602,8.8,4.32,5.4,4.3,5.0600000000000005,6.640000000000001,4.7,4.779999999999999,5.54,3.02,6.8,0
55,13.05,62.2,0.5252,4.114,1899.476,5648.166,28.552,6.26,11.414,19.169999999999998,53.038,64.284,4.506,-5.601999999999999,106.05999999999999,16.086000000000002,-9.0,73.0925,852.8639999999999,-0.24,-0.19,-0.43,0.04,0.32,0.63,35.0,4.4,4.4,38.515,10.216,3.418,65.4525,69.2,34.44,6.39,30.0,75.0,55.0,21.387999999999998,46.128,328.25,1.7280000000000002,66.692,6.840000000000001,17.9,61.2,4.6866666666666665,53.5,49.074,71.248,40.178000000000004,0.575,3.2,5.5,3.2,4.8,5.8,4.1,4.2,4.9,2.6,7.2,0
56,12.35,28.0,0.30866666666666664,3.0439999999999996,852.46,1591.1866666666665,25.715,6.1,8.12,13.025,73.32000000000001,49.545,0.74,-18.8,98.53999999999999,15.965,-2.4661321097944695,78.16,856.9540000000001,-0.789437317508563,-0.6208678580902565,-0.7930686726049084,-0.563124119342499,-0.6356532262569627,-0.579707563288639,25.631151890678982,5.8,5.8,41.78,0.0,5.065,56.5,48.5,15.407181670303718,8.834562246651288,50.0,56.998284718704376,63.0,15.776,70.426,333.6,1.138,49.438,17.334,11.56346078619322,210.2,4.73,32.294,41.86,38.084,16.94,12.671571199246133,7.015039705680307,7.38871478642759,6.814829760872055,6.983623458213275,7.419880028432167,7.220889053675321,6.541301003022863,6.860803819924355,5.915842567283459,6.9698692064310706,0
57,6.49,1.0,0.2728,5.598,290.748,568.7760000000001,30.442,38.89551327788455,2.7640000000000002,5.892,84.4,45.15,3.132,-25.188,157.16199999999998,15.078,-2.6161297054330372,100.01499999999999,1034.78,-0.815,-0.48,-0.46,-0.235,-0.19,-0.010000000000000002,24.895954425296992,3.6,4.0,41.438,0.04,9.468,5.31,70.17999999999999,15.323295119368975,12.7325,10.0,56.77493659573701,47.0,16.394,71.744,168.8,2.788,47.914,17.474,12.5,196.4,2.34,34.174,42.384,41.912,18.222,12.854586020418422,6.7426761970864,7.496413761420298,6.891276461719705,7.125495070392516,7.512468264880646,7.311749325974703,6.5806373241162746,7.296468658085918,6.045823373006456,7.090596210553034,0
58,3.0740000000000003,6.0,0.387,8.226,577.312,1052.652,43.156,5.175,3.2239999999999993,6.892,81.61800000000001,89.058,26.47,-34.876,65.40599999999999,21.386000000000003,-2.760420747878347,58.21,1903.47,-0.7025,-0.6725,-0.585,-0.44999999999999996,-0.2275,0.037500000000000006,29.75,3.8,3.2,32.739999999999995,4.252,11.446,18.869999999999997,105.55999999999999,6.078,11.946000000000002,28.0,38.5,56.6,23.824,67.658,3530.4,2.782,53.45399999999999,12.436,14.62,107.6,6.2325,51.275999999999996,57.17999999999999,62.812,33.836,4.65,6.75,5.85,4.95,8.05,7.8500000000000005,7.35,6.625,9.0,4.45,6.775,0
59,2.57,940.2,0.428,2.638,8449.234,1262.61,24.814,3.56,3.43,7.18,79.05,105.652,5.63,-2.102,90.1,23.466,-2.754367851650786,65.52799999999999,1819.12,-0.85,-0.78,-0.76,-0.54,-0.27,-0.51,31.0,1.6,1.6,30.98,6.5,3.618,24.0,89.5,5.31,6.77,30.0,38.0,55.0,16.926,40.226,12924.8,0.908,72.374,8.644,13.9,24.8,5.554,75.018,74.226,84.888,65.93199999999999,11.230012377457504,7.0,6.9,5.9,7.8,8.6,7.2,6.1,8.7,5.0,7.3,0
60,2.64,186.8,0.6465000000000001,4.311999999999999,4406.898,5722.4075,29.24,3.5,4.1049999999999995,7.915,65.16,98.442,6.63,-12.004,87.4525,15.896,-1.6025,50.932,470.915,-0.685,-0.745,-0.8825000000000001,-0.5025000000000001,-0.5525,-0.0675,26.75,3.8,3.0,39.045,23.0675,2.598,83.9325,100.82000000000001,19.607499999999998,5.46,26.75,57.25,58.5,7.922,40.178,3449.0,1.1460000000000001,74.256,5.75,4.375,17.2,4.432,65.19,67.3,65.694,62.572,8.233333333333333,5.55,6.949999999999999,6.475,6.075,7.925,7.6,5.25,5.725,4.475,7.425,0
61,4.098,135.5,0.8444,2.746,29125.928000000004,43072.0,24.869999999999997,2.72,4.996,14.312000000000001,65.088,75.702,3.3600000000000003,3.0420000000000003,94.39,19.496000000000002,3.196,32.22,353.76,0.9333333333333332,1.03,1.1,0.7433333333333333,0.65,0.65,25.0,1.8,1.6,14.455,21.05,4.366,97.424,100.78,23.91,8.02,72.25,57.0,64.25,4.8100000000000005,28.824,37806.8,0.686,77.328,9.112,4.5,7.6,6.794,77.408,71.238,82.40799999999999,78.574,0.95,5.3,7.1,6.2,5.6,7.7,7.6,4.9,5.4,3.8,7.4,0
62,4.982,53.0,0.7270000000000001,5.858,9469.432,22528.65,21.468,1.3,3.58,9.49,59.9875,117.306,2.04,-5.68,101.935,17.726,6.0,24.32,107.12,0.6231935279922074,0.7442462871732403,-0.04821614808367847,0.7380075950021721,0.16770714366046496,0.2402840342196746,38.466590064176145,4.0,2.8,14.04,10.0,1.176,79.4725,79.17999999999999,17.192321629667397,6.235296404389714,89.0,61.18297345250836,69.0,2.8899999999999997,41.332,9632.6,1.814,74.13199999999999,5.964,11.391087825003886,25.8,6.97,59.384,58.812,64.878,54.45399999999999,8.95,4.589876011230626,6.085512657720663,6.0077948420291865,5.348074468639288,6.516546408547959,6.342332202855511,4.664119526313085,5.341296615165316,4.773053162820765,5.613325465087396,0
63,4.5200000000000005,2.0,0.7136,3.468,5101.947999999999,12557.67,23.188,3.0,5.294,12.004,68.958,84.562,1.258,0.556,51.234,12.078,-1.05,19.535,121.27799999999999,-0.6175,-0.6925,-0.8,-0.1625,-0.0075,0.012500000000000002,29.0,3.0,3.0,35.49412440863632,49.598,1.282,94.414,99.82000000000001,16.2175,13.36,27.75,29.5,62.0,6.056,39.55,527.4,1.45,73.974,5.362,5.85,22.4,3.28,60.422000000000004,50.282,70.204,60.778,10.3,6.475,7.8,5.625,5.025,7.725,7.025,5.825,5.550000000000001,3.0,4.5,0
64,6.382,19.75,0.6674,4.220000000000001,1966.7959999999998,6449.2080000000005,18.978,4.18,4.4959999999999996,10.941999999999998,63.158,80.498,1.024,-0.41200000000000003,54.6,9.93,-3.5799999999999996,60.198,593.1375,-0.466,-0.20800000000000002,-0.748,-0.20400000000000001,0.026000000000000002,-1.214,25.8,2.6,3.0,38.485,19.04,1.156,84.86,87.5,22.262,5.924,27.2,45.0,58.8,69.822,50.964,417.8,1.7899999999999998,70.13,5.494,1.875,31.6,2.694,64.435,62.195,81.0325,50.07,7.475,6.2,7.8,4.9,4.6,7.0,6.5,5.4,5.0,3.0,4.1,0
65,6.792,5.25,0.5476,4.394,2181.1259999999997,4761.444,34.694,4.04,16.619999999999997,33.868,66.572,120.098,13.062000000000001,12.85,76.46000000000001,12.686,13.807999999999998,81.886,584.618,-1.1219999999999999,-0.99,-1.06,-0.998,-0.958,-1.036,25.0,5.4,4.6,42.322,3.2979999999999996,44.126,44.660000000000004,78.1,20.39,5.36,23.0,46.4,47.0,20.934,41.558,37041.6,3.0100000000000002,59.510000000000005,9.248000000000001,7.88,68.4,2.085,50.464,56.242,52.95,42.058,6.7,7.8,7.3999999999999995,6.933333333333334,7.366666666666667,7.933333333333333,8.5,7.533333333333334,8.133333333333333,6.8999999999999995,7.233333333333334,0
66,9.505,1.0,0.6822,5.5680000000000005,1876.6239999999998,12068.746000000001,24.946,32.019999999999996,13.172,25.972,61.620000000000005,77.982,3.374,9.968,64.944,15.65,0.0040000000000000036,82.27799999999999,1209.588,-1.0533333333333335,-0.85,-1.0333333333333332,-0.77,-0.62,-0.9133333333333334,23.0,4.8,4.8,42.628,2.25,19.274,87.42,71.52000000000001,11.24,-1.9324999999999997,23.6,46.0,51.0,118.322,28.758,72854.8,0.392,64.638,13.594,38.5,28.6,3.025,60.982000000000006,51.638,81.832,49.45,26.575,7.8,7.1,6.5,8.0,8.0,8.6,7.9,8.9,7.8,7.6,0
67,5.91,89.5,0.7862,2.938,6214.072,17360.152,22.31,4.86,10.698,25.798000000000002,55.501999999999995,98.676,6.085999999999999,-4.5280000000000005,64.728,16.944,-1.16,52.227999999999994,1153.415,-0.27999999999999997,-0.032,-0.518,0.008000000000000002,-0.10200000000000001,-0.16999999999999998,36.8,3.6,3.0,40.78,60.722,4.602,99.96000000000001,98.58,12.448,0.03,35.4,67.25,60.2,34.632,40.384,26125.4,-0.55,73.346,15.419999999999998,18.825,8.2,3.6875,75.2,67.8175,87.125,70.285,15.8,5.15,8.075,7.425,6.2250000000000005,4.375,5.275,4.1,3.85,8.0,6.5,0
68,5.256646338871602,8.666666666666666,0.2655,3.282,2535.734,7393.413333333334,22.997999999999998,10.533333333333333,6.246666666666667,13.903333333333334,61.21,79.26599999999999,3.89,-22.234,204.93,17.512,-4.1,57.1,129.055,-0.09,0.05,-0.44,0.05,-0.12,-0.13,38.0,6.5,5.25,43.42,0.0,5.785,76.98564134809317,87.8,10.35,10.27,45.0,67.0,67.0,3.12,55.30800000000001,19261.333333333332,0.258,37.269999999999996,16.735,11.373999833133709,145.0,4.247656022491874,35.515,44.2025,25.7075,37.51,11.654849024187726,4.5,8.3,7.1,6.1,4.3,5.5,3.5,3.9,7.4,7.0,0
69,3.7044248676116647,57.0,0.27366666666666667,-2.282,2883.702,1093.16,18.369999999999997,-0.44999999999999996,3.466666666666667,5.533333333333334,64.72,144.37599999999998,3.1559999999999997,-4.3,144.44333333333336,10.948,-2.3473325599369015,54.31017376004871,113.144,-1.38,-1.41,-0.76,-1.53,-0.59,-1.7,26.692833372899845,5.2,5.4,45.82333333333333,0.0,9.342,74.94330920143511,271.53999999999996,14.818687916716959,7.476000000000001,10.0,56.29590503016086,49.0,3.6839999999999997,39.2,7822.0,0.12600000000000003,51.98199999999999,17.412,11.587020244917454,150.6,4.5151866181956075,43.278,49.976,42.786,37.074,12.332955466753269,6.144663904514887,7.0246511426170155,6.459059559268788,6.611851347484855,6.945240612690702,6.644837882601126,6.736078783065615,6.898287563397242,5.364342291458947,6.540595409555237,0
70,4.0,210.8,0.818,9.724,12341.53,24798.855000000003,32.122,2.34,10.325,19.755,59.075,272.17600000000004,9.576,4.442,53.72560748835884,13.154000000000002,-2.3,29.450000000000003,46.85999999999999,0.48,0.77,0.305,1.025,0.945,1.06,49.5,2.8,3.2,11.835,63.925,0.142,100.0,306.3,20.84,2.6733333333333333,45.0,76.5,70.0,3.8600000000000003,17.926,337.2,1.42,74.622,6.88,13.35,8.4,3.563333333333333,73.902,81.912,65.28,74.514,1.55,2.0,4.2,4.300000000000001,4.35,6.35,4.1,4.1,4.3,1.8,4.05,0
71,2.8120000000000003,9.0,0.8375999999999999,2.124,16944.724,26738.694,23.490000000000002,1.1400000000000001,12.236,28.654000000000003,59.263999999999996,164.844,3.3,1.248,53.03677806050133,19.04,-5.04,44.94,340.88711781305983,0.5599999999999999,0.8039999999999999,0.21400000000000002,0.944,0.938,0.906,46.0,1.0,1.0,12.3625,75.652,0.298,100.0,96.53999999999999,22.354,5.530562706877369,48.2,63.4,68.6,5.406000000000001,45.646,633.8,0.11600000000000002,75.942,9.76,12.86,6.6,4.098,82.412,79.77000000000001,85.348,82.112,1.26,2.1399999999999997,3.88,5.3,4.819999999999999,4.86,4.0200000000000005,3.3600000000000003,3.5,2.5,3.8600000000000003,0
72,3.144,27.4,0.85725,3.508,18312.724,30863.76,25.326,2.52,6.587999999999999,16.016,59.529999999999994,159.024,2.726,0.476,51.23635821365845,18.974,-1.3,40.519999999999996,62.22,0.67,0.736,0.504,0.8720000000000001,0.9620000000000001,0.898,54.2,1.0,1.2,22.975,66.51,0.258,100.0,103.75999999999999,15.074000000000002,4.880206743154304,47.0,50.25,63.0,4.068,47.19,671.4,0.134,77.386,9.680000000000001,18.419999999999998,5.2,4.7875,80.026,77.846,82.366,79.864,1.3,1.9000000000000001,4.8999999999999995,6.6000000000000005,4.3,3.1999999999999997,4.333333333333333,2.466666666666667,2.0,3.5,3.0,0
73,3.34,2.5,0.7283999999999999,4.924,14780.825999999997,21678.64,24.762,7.24,3.81,8.392,70.166,114.42,4.992,-7.7620000000000005,25.655,18.086666666666666,0.26600000000000007,27.139999999999997,214.97,0.30999999999999994,0.16400000000000006,0.47000000000000003,0.006000000000000005,0.662,0.754,50.8,2.2,1.8,23.858,35.15,7.136,69.86,120.3,3.5199999999999996,1.6849999999999998,53.25,50.25,57.0,1.4140000000000001,61.064,253.66666666666666,1.1239999999999999,75.17,7.425999999999999,20.6,13.4,6.154,62.577999999999996,67.686,56.652,65.186,1.525,5.225,4.75,5.575,5.625,6.65,5.85,5.275,6.175,3.3,5.475,0
74,5.127222281406608,2.0,0.534,8.1625,1284.29,1884.818,17.02,4.766666666666667,8.356,14.748000000000001,65.346,101.77000000000001,8.870000000000001,-29.714,44.06,5.98,5.483333333333333,19.0,656.194,-1.282,-1.4260000000000002,-0.852,-1.516,-0.826,-0.86,17.75,5.2,4.6,28.203333333333333,4.252000000000001,20.669999999999998,43.736000000000004,100.76,15.317956639308123,5.016666666666667,20.6,67.66666666666667,45.0,5.698,70.622,5253.5,2.618,64.796,7.5200000000000005,12.62,70.8,8.049999999999999,36.410000000000004,57.330000000000005,24.130000000000003,40.344,5.6,7.959999999999999,8.8,7.88,8.4,8.32,8.48,7.9,8.58,6.779999999999999,9.059999999999999,0
75,6.774815637028065,178.4,0.6465000000000001,2.758,3166.564,8497.686,16.009999999999998,10.3,27.714,46.128,53.436,48.35,1.39,-9.25,31.736666666666665,15.548000000000002,-5.675,50.87334192811388,533.335,-2.31,-2.18,-1.68,-2.17,-1.91,-2.36,10.0,4.0,4.0,29.9675,0.592,8.452,51.11,66.32000000000001,14.61886494612498,4.435,29.0,55.272691160983435,61.0,34.898,48.226,113720.25,2.436,61.27,9.05,7.9,74.0,5.595,39.096,34.125,44.232,38.964,63.45,9.7,10.0,9.4,9.0,9.3,9.5,9.7,9.7,9.7,9.5,0
76,12.915,21.75,0.7363999999999999,6.651999999999999,3365.148,10266.612,30.518,6.94,9.378,24.262,54.025999999999996,48.858,1.0859999999999999,-7.9159999999999995,40.434,9.966000000000001,-6.279999999999999,70.8,485.526,-0.10600000000000001,0.072,-0.11000000000000001,-0.032,-0.278,-0.674,35.5,4.2,3.6,37.186,0.84,0.958,81.572,85.97999999999999,35.723333333333336,2.7640000000000002,35.6,64.0,58.8,24.784,74.438,4661.6,0.836,72.684,6.787999999999999,17.9,21.2,2.34,56.666,44.918,72.692,52.2,14.62,8.3,9.35,9.4,5.675,8.25,8.35,8.775,7.05,8.775,6.625,0
77,13.51,5.0,0.7093999999999999,4.478,6412.046,16693.485999999997,41.839999999999996,6.220000000000001,7.593999999999999,18.426000000000002,52.166,87.936,-4.4159999999999995,3.582,54.5,11.18,-0.6,35.660000000000004,199.458,-0.162,-0.10600000000000001,-0.196,-0.504,0.264,-0.004000000000000006,36.5,2.6,2.6,28.607999999999997,21.724,12.809999999999999,93.55799999999999,85.17999999999999,16.919999999999998,3.554,33.2,80.2,55.2,4.572,43.2,508.0,1.108,71.262,6.912000000000001,22.4,21.0,1.93,49.31,43.756,41.918,64.008,6.6000000000000005,6.5200000000000005,6.3,6.82,6.44,7.94,6.860000000000001,6.5200000000000005,6.459999999999999,4.84,6.26,0
78,3.0949999999999998,11.0,0.62075,7.081999999999999,2313.216,8694.373333333333,38.4475,14.725,7.13,17.22,45.846666666666664,134.85333333333332,5.512,-33.23,64.6,17.9425,-1.0724999999999998,38.88999999999999,172.172,-0.86,-0.7633333333333333,-0.9199999999999999,-0.92,-1.01,-0.44333333333333336,25.333333333333332,5.2,4.8,23.0,24.810000000000002,12.674000000000001,97.63999999999999,92.03999999999999,16.720000000000002,7.664,31.0,59.333333333333336,54.0,3.8480000000000003,69.454,3991.25,2.55,64.426,8.331999999999999,10.933333333333332,65.8,5.8149999999999995,43.04,46.962,34.408,48.184000000000005,11.722834908837624,6.466666666666666,7.533333333333334,7.033333333333334,6.966666666666666,5.866666666666667,8.166666666666666,7.233333333333333,7.333333333333333,4.1000000000000005,6.233333333333333,0
79,5.012,7.75,0.6808,5.314,2189.8540000000003,7546.274,31.97,3.85,4.802,11.766,53.928,87.59200000000001,2.586,-12.803999999999998,51.251999999999995,12.442,-2.0,42.146,-38.1525,-0.8119999999999999,-0.48200000000000004,-0.982,-0.588,-1.274,-0.8320000000000001,28.6,6.4,5.2,47.975,19.115000000000002,4.548,97.546,127.0,13.002,11.8575,36.0,60.6,58.4,32.134,67.372,50112.6,1.6460000000000001,71.90799999999999,5.726000000000001,6.25,26.0,4.595,59.465,56.8475,68.0575,53.42,6.35,6.540000000000001,8.18,7.18,5.34,5.64,8.559999999999999,7.540000000000001,7.140000000000001,4.7,5.42,0
80,5.436,126.33333333333333,0.733,6.01,6776.642,17702.53,24.263333333333332,2.7399999999999998,4.208,9.52,68.444,128.73333333333332,4.388,5.786666666666666,31.39,15.973333333333334,-0.8800000000000001,39.57,-38.034,-0.09,0.25999999999999995,-0.2,0.316,-0.03800000000000001,-0.8619999999999999,38.2,4.0,3.6,42.480000000000004,23.832,6.684,98.562,104.97999999999999,10.722,1.4200000000000002,40.8,75.66666666666667,66.4,40.832,51.681999999999995,97065.66666666667,0.496,72.626,7.362,10.120000000000001,18.8,3.83,64.55199999999999,60.902,68.438,64.31,10.74,7.5,8.166666666666666,7.933333333333334,4.033333333333333,7.466666666666666,8.200000000000001,7.066666666666666,6.666666666666667,6.6000000000000005,5.333333333333333,0
81,2.356666666666667,6.0,0.7402,1.8240000000000005,9205.16,22978.402,26.39,7.7,5.415,11.07,61.974000000000004,53.269999999999996,4.843333333333333,0.5449999999999999,54.40742107429075,16.975,4.6066666666666665,29.2,137.53000000000003,-0.13,0.18333333333333335,-0.05333333333333334,0.6433333333333334,0.59,-0.18333333333333335,34.666666666666664,2.5,2.25,31.0075,18.256,13.495,99.534,116.60000000000001,14.046666666666667,1.473333333333333,42.0,79.0,71.0,21.56,40.42,15.0,0.37,70.45,9.592,11.733333333333334,22.6,4.0594903907241955,53.555,48.6975,48.120000000000005,63.8475,19.66,5.7,5.7,5.2,3.8,8.1,6.4,5.4,5.9,3.8,5.4,0
82,22.425,406.25,0.7612,1.1079999999999999,24272.112,82472.478,28.475,890.9900797815336,2.2,5.537999999999999,72.78,67.91499999999999,0.020000000000000018,5.22,0.77,13.735,3.5324999999999998,3.533333333333333,114.01200000000001,0.69,0.75,0.065,0.635,-0.52,0.925,69.59424285928587,5.4,4.6,30.52,14.35,14.065999999999999,100.0,128.72,26.689999999999998,-90.6,90.0,76.33094636834456,73.25,12.872,22.616000000000003,536.75,4.3,73.126,4.198,8.6,13.2,2.7102429810552504,57.436,61.224000000000004,51.251999999999995,61.620000000000005,6.6,-2.156007398263233,3.7679347768971216,4.982080762344527,2.056112276445827,5.826356298980773,6.193894093074305,5.145720441178992,4.941988959010969,3.4022458217732963,3.4349502928989324,0
83,20.4,1224.4,0.8112,4.7,39829.766,83729.736,22.458000000000002,12.3,2.864,7.398000000000001,77.71000000000001,123.47999999999999,3.7979999999999996,11.306000000000001,28.28539032794744,7.794,13.931999999999999,6.16,3.83,0.418,0.8460000000000001,1.014,0.7060000000000001,-0.8320000000000001,0.884,60.0,6.0,5.2,27.748,48.864,23.972,100.0,118.5,25.204,-8.146406820610856,65.4,74.0,65.4,5.326,17.522,162.0,12.144,75.488,1.58,8.2,9.8,4.1592175602415455,68.154,80.462,53.79600000000001,72.97,0.95,2.0,3.7,4.15,2.6,5.35,7.0,6.0,5.3,3.6,4.15,0
84,15.59,128.0,0.819,0.5439999999999998,7380.69,58374.62,23.53,66.74,2.68,7.19,78.65,54.408,0.21600000000000003,0.25600000000000006,38.84261264849955,12.614,-6.13,21.14,11.997499999999999,0.4,0.99,0.91,0.44,-0.84,0.92,65.0,4.8,4.8,25.54,64.0,4.158,100.0,58.620000000000005,24.01,-5.098436744198088,57.0,76.0,65.0,3.842,16.792,1010.0,2.29,70.34400000000001,8.33,8.5,45.2,2.6172998046851523,51.564,42.227999999999994,59.412,53.634,6.020516558408004,2.3,4.0,4.7,3.2,5.7,6.7,5.8,4.6,3.4,4.5,0
85,9.15057203145033,311.6,0.600531891574837,4.532,8314.918000000001,12524.745139315353,23.294,16.34,6.378512591922316,3.1725306940292093,62.450864810963665,21.492,0.186,-0.732,157.44789679785413,15.75,-3.93,41.5625,6.74,-0.6225906196625054,-0.722777506306004,-0.5383757113223273,-0.890649380011765,-0.6648307325037293,-1.5241466542255515,44.99324897805584,2.0,2.0,35.1118380795682,10.219552055227588,2.848,67.39974127549924,58.54,6.496278413243978,3.2439999999999998,34.475944764692464,38.877025090895145,51.01522766841205,177.752,24.298,663175.0,0.9019999999999999,72.51,8.942,9.898533595081547,24.2,6.832015829285729,58.86,40.864,75.876,59.842,3.4131785564725803,7.755272525593041,7.524427621515517,9.217698634551443,5.047573213208758,7.658951058476337,6.590091158348327,6.786832135506961,8.149322292421829,9.48381053019733,4.580528480221119,0
86,5.581375765759939,125.0,0.6615,3.5060000000000002,3118.7200000000003,2652.13,18.478,13.5,3.726444348185904,5.335823720683248,83.37,40.146,-0.022000000000000013,1.652,40.9075,21.368000000000002,-4.04,40.48,279.635,-0.7100484103917213,-0.8678221827990655,-0.6876664011998661,-0.9487150531072379,-0.4360606300556814,-0.7595999974074323,30.51755287663293,4.4,4.4,37.600979894599334,0.0,4.5,68.80207528504711,98.9,12.465168324887298,5.72,26.62801079211074,51.185257235184345,51.908429733115916,53.246,63.36600000000001,191581.4,2.81,62.76800000000001,8.530000000000001,11.103265515665726,65.0,12.143333333333333,37.404,27.824,46.632,37.757999999999996,5.8,8.272888673177484,7.368348713508884,7.410416475270725,6.374408138053247,7.357811826450233,6.856053225137149,7.977519427367662,8.310564119843205,6.760986638817405,6.185598827521626,0
87,13.89,25.0,0.44299999999999995,1.3839999999999997,591.2520000000001,1644.182,9.064,3.0,4.962,8.026,82.50399999999999,84.282,1.062,-18.552,96.72200000000001,7.18,-2.3818260590780604,50.296,563.506,-1.812,-1.436,-1.37,-2.0300000000000002,-1.536,-1.104,21.8,6.6,6.0,63.472,3.8600000000000003,11.818,38.854,106.8,4.79,9.691970500877375,22.4,46.8,28.0,12.406,66.438,3878.2,1.0,46.878,15.847999999999999,19.080000000000002,92.6,1.54,48.928,36.376,68.122,42.284000000000006,6.6,9.475,9.325,9.05,9.9,9.55,9.6,9.725,9.65,8.85,7.275,0
88,6.213576654943763,130.80090600891157,0.5745667772079317,-4.162,949.2439999999999,6128.9625,30.72666666666667,948.625,7.43,15.3625,68.3575,116.71666666666665,1.9,-14.586666666666666,13.415,15.866666666666667,-1.8229216281903937,50.42819653540082,191.754,-0.8764224467566074,-1.3073912053244947,-1.2680394033502231,-1.2342103871583825,-0.8862202409662399,-0.6915753537665653,27.993368023069777,5.6,4.8,48.865,0.0,4.435,100.0,47.32,16.259503637508104,-86.52,27.895932369093174,58.43463339647825,60.6727368851275,9.714,53.181999999999995,7949.333333333333,1.8079999999999998,54.516,17.234,11.313052778850475,144.0,3.9572948780058423,32.772000000000006,34.098,37.586,25.884000000000004,7.75,0.6919321827057487,7.08828371029799,6.674028727300265,6.439962313449335,7.2122836667491255,7.088091778881119,5.301243251265254,6.26994634804837,5.616514117593359,6.534087255008985,0
89,6.249087895430009,130.44876371648502,0.42800800727950844,-3.8880000000000003,210.32,6982.938309049709,17.900000000000002,-0.6926654358823754,7.925070624245927,14.090812163868586,70.296028561872,46.62,0.182,-15.988,25.328,8.716666666666667,-1.6036494905000653,50.298277275751786,59.596000000000004,-1.0367680498793939,-0.9350229840624704,-0.7055983282216183,-0.875934638731797,-0.6917018493232625,-0.4722574243393764,29.115460765810248,6.8,6.6,38.485944490559284,7.938199843496057,9.25,75.53056656531439,18.46,15.894848840090239,5.039353659898967,28.16946916495339,57.280295512438045,59.59879660170771,3.8160000000000003,78.63199999999999,64884.110224711796,2.308,45.15,20.944,11.098496691270867,235.2,4.296715832754856,24.468,24.406,32.718,14.652000000000001,11.629108717640564,7.7490819430302835,7.240746949934696,7.02868475977047,6.2714519106928845,7.386753086628852,7.21642612285156,7.966673562447745,7.50002711383773,6.02478135451533,6.3617210870821985,0
90,4.666439726998089,122.5562432986579,0.4441825164590335,3.09,427.56000000000006,1054.25,10.59,9.125,0.68,1.5150000000000001,72.20333333333333,45.028,0.702,-10.488,53.964,9.873999999999999,-2.3460506911402526,53.59035737002634,180.938,-0.9268462139382154,-0.9011921971633885,-0.7372162443362639,-0.8466849916968004,-0.5229991647015186,-0.4384366971140343,25.638986468214153,5.4,5.0,45.835,0.0,8.962,72.70422448101554,26.439999999999998,15.457640496770336,5.759088892020593,24.71139103906129,56.98035395348035,56.218664932738456,5.132,74.86,7535.0,2.918,51.870000000000005,16.276,11.433348619086622,177.2,4.309601286776667,29.006,28.446000000000005,38.292,17.860000000000003,12.766374113939754,7.562396575937464,7.267116731071001,6.722921289939044,6.717109712256716,7.264656696258541,7.058930617641951,7.364893727179226,7.341770427911442,5.674446067351251,6.731131987712645,0
91,5.919409743683854,134.5896434181781,0.5939309822912512,1.7520000000000002,932.192,8586.85441027326,24.294,31.28,7.8634127966881895,15.299226161283817,58.16215921067601,61.59400000000001,1.1940000000000002,-6.593999999999999,64.486,6.996,-1.5197841198490663,48.709359148776414,55.29200000000001,-0.5425034492027734,-0.6146960904387877,-0.5795461954856356,-0.6093188701696497,-0.3049952972855477,-0.2253805846264334,29.05628009010809,2.0,2.2,37.89263036647121,10.07506807042484,4.252,78.92658301538853,43.44,16.847394332644207,-32.13,29.376416751821285,59.37563314565629,53.636779886902474,5.228,50.812,4756.0,2.38,65.122,7.122,11.258115735835313,73.2,4.89,41.20399999999999,30.676,47.748000000000005,45.186,11.975665304249057,6.733383950799016,7.024506504269156,6.652519224973831,6.222011865682616,7.223503879805212,7.103952595628516,6.979168473061248,7.003212941712244,5.498386224751042,6.387798533936868,0
92,6.162323888806442,130.44796183592297,0.509685214454382,3.7380000000000004,206.704,6986.287272923472,23.616222198747003,-9.433333333333334,10.876600618118118,23.09561764450148,68.52659661978716,99.39959555969821,3.582,-8.614557105914868,70.88740784146337,14.534120121336368,-1.6022589213716765,177.996,30.724,-0.6405263146095346,-0.2886256151404569,-0.6276939430324264,-0.5147581726091335,-0.5387660626958073,-0.44050409298109705,29.133508855501542,7.0,6.8,38.46813629361216,7.961419014623732,18.506,76.19224505672229,44.14,15.901959279636383,7.306579553539517,28.17963960610159,57.29291616630012,59.11389085150819,0.364,69.112,64884.112203279765,4.96,47.274,18.154,11.099927348331024,186.2,4.306875270579846,32.278,56.084,18.622,24.852,11.631072408357882,7.111424049169232,7.214406970933756,6.997516669589561,6.242675029948789,7.345900185967669,7.174577195811166,7.140352854785752,6.565604645793702,5.984594588784333,6.329666489859661,0
93,6.139723298621892,135.07785740206208,0.616864051987784,3.94,1671.5549999999998,9039.490611194979,28.349999999999998,8.024999999999999,6.66498343954001,11.313930585529969,61.081195750744214,96.66499999999999,2.12,-10.405000000000001,18.825,15.63,-1.387306806485602,49.378715910049195,33.055,-0.49052699434703295,-0.6173569257777305,-0.5399734401210627,-0.6891374390286444,-0.24603327893503693,-0.30790440072158565,30.591636994950235,2.0,2.0,37.579009643251084,10.229085132852134,1.145,78.3163971944874,132.475,15.904751063329511,5.374230279906951,29.929332160245373,57.522322176123595,54.60041919546741,1.41,59.215999999999994,64883.85009213352,1.938,65.144,7.276000000000001,11.138173994145578,47.2,5.51,40.685,40.46,36.1225,45.7075,11.174655386670164,7.286960528233814,7.055751996447742,6.879467847242624,6.088219895032309,7.248728446978883,7.035492852281673,7.90024045658615,7.682182833066188,5.82764944832761,6.1789879519508295,0
94,6.250948150951256,152.3809116109241,0.642352107377262,4.1675,7151.409174499908,16705.71341416773,31.089999999999996,83.9539499602763,7.46897461606754,14.13022694800735,61.037380673211665,85.06498752427609,2.2347614045323394,-5.622727386941121,66.78090133505526,12.3575,-0.6171489712575751,46.002371514769244,20.82,-0.3152041788671416,-0.38956687740581986,-0.3037750286586876,-0.39987836170993907,-0.12012320431889334,-0.10402839986710549,36.03040970743867,3.6593991216029744,3.44039686234795,34.323975942648985,18.58277735603902,8.830241287660753,83.57797880170921,84.32335238356414,15.929144305895216,-2.9300704675928717,36.47734717395145,58.37921079228968,56.18360537452243,3.686,37.052,64882.91249753981,0.654,69.9125,9.2025,11.243779584598437,52.75,4.435142407158047,49.858976797498066,47.998110036306905,53.63042784630117,48.46320697528536,9.470647608461528,5.438873513722244,6.471047898868383,6.43602562857808,5.616665244790045,6.794921203836506,6.546391001912385,6.112611958831601,6.395448956052715,5.358516039729686,5.781350393115778,0
95,6.275507884409048,152.24431248337174,0.42953566962433737,3.3574396831444195,7129.714850401464,16627.254552070517,23.95129655037387,-32.951738277796856,9.667679185000658,14.346405681227067,67.14660597815241,47.25589903270095,2.154109404289444,-5.631287554507103,66.78229323990378,15.489589191300281,-0.6260855984002482,46.0510302448448,28.936,-0.8246245114364134,-0.7793266745948486,-0.3274133036808785,-0.6827784301995838,-0.43889742030689605,-0.1768096656097889,35.97726217524115,7.0,5.0,34.33204789246825,0.0,13.212862024988437,100.0,32.5,15.926219284008607,5.660889509438534,36.41943903920261,58.35916052781543,60.60288296733388,1.1179999999999999,14.675999999999998,64882.912039044786,0.5700000000000001,45.52,20.46,11.234407335929694,256.0,4.413504245743949,29.48,30.93,43.14,11.79,9.494254216164418,6.587778807230789,6.504274154849185,6.468169115977891,5.667175984896257,6.819924287447308,6.597367921311626,6.644545683327339,6.481866048404509,5.415081529904999,5.847683085335357,0
96,6.364970196285614,130.76447971845718,0.4465617170037215,1.636,347.922,7093.143885244815,19.849999999999998,7.5,6.881866629478377,13.122624963192104,67.45792074955574,65.50333333333333,0.328,-5.069999999999999,63.398,11.6,-1.617076236932355,50.27914224276747,157.72,-0.9476022595986865,-0.8619731016530927,-0.6922102048500838,-0.8160085098185743,-0.6132844108648887,-0.47355470682119427,29.17646286965678,6.4,5.0,38.425851674729124,8.113190707067837,10.388,74.35105817837209,50.74,15.858910612016919,-7.550000000000001,28.25096688813264,57.24040953389671,56.59122170820061,5.502000000000001,73.44800000000001,64884.11515606556,2.7239999999999998,51.254,16.080000000000002,11.120613862328039,194.2,0.99,30.794,28.630000000000003,40.474000000000004,22.151999999999997,11.586959188971004,7.303246502826013,7.246110500253071,7.028242416926466,6.296436327989996,7.4015284870884015,7.221580222594147,7.550694424368929,7.226769038392664,6.044869262479744,6.381922857164124,0
97,6.730050186107501,151.22308184894922,0.4205647770712496,3.328532622643528,7308.232117686209,16378.198540411915,23.21661126899351,146.48525475450865,2.078,3.46,77.264,84.5234231752839,2.052672997048214,-4.863948244168541,74.6460594705639,15.543414924275599,-0.6044125613698856,46.92885904986003,101.36999999999999,-1.865,-1.725,-1.52,-1.79,-1.16,-2.1,36.802653167772064,5.8,5.6,45.708,0.0,12.46600253264859,80.24272674479587,51.54,15.087641426854338,-8.575658084622791,36.321579661127465,56.656132282005615,63.61085018192541,2.208,55.029999999999994,116699.6,4.836,49.12,17.06,11.129410989600627,236.6,4.562043544707913,42.004,55.42999999999999,41.553999999999995,26.966,8.91968552765897,5.358502575388938,6.595114988280285,6.713041469689518,5.637312205982745,6.892999903979277,6.602552077180574,6.3256560171092335,6.364392057720025,5.79044854320469,5.7471892547472265,0
98,18.85027624597823,217.28405394463448,0.5109118532670903,4.8725,144.98749999999998,63990.02,29.293385427006587,11.65,1.6611999597663747,7.043719891429339,77.13010883501497,69.4317278088146,2.1174999999999997,-0.4578316276841008,60.45,12.57196358372785,4.483137274046086,12.550442294503277,84.9975,-0.1351192739868219,0.9520426349072335,-0.06610197619816727,0.8013140342075964,-1.0994612801017525,0.3799879918361494,53.32594460797614,5.4,5.4,34.47162189612752,1.42,7.41,100.0,16.075,26.975685386070523,7.225,61.69752959529065,75.56831275361412,72.84616691534907,4.792,74.69,64864.60381207148,2.336,43.53,22.1525,9.565607317092946,224.4,2.895,31.65,39.9675,24.824,30.346000000000004,0.0,5.3309448110173605,6.133457790614268,7.296908606072157,3.1580767614579366,7.932834979153623,8.63012182569774,8.214027046964217,6.1806827149529475,5.851170612366333,4.481965444512699,0
99,14.62622432597367,249.38105649674952,0.7465300555909123,7.632,19772.3775,71848.17666666665,38.92,16.75,4.134941397994586,5.224798757419947,64.36724827021982,97.09,11.219999999999999,-61.89,42.650725647633756,22.29,5.17619846006512,13.400313538592933,7.44,0.86,1.3129167780060804,0.8292795867938905,0.8850885872405474,1.31,1.0260900192854283,64.49794643908871,1.0,1.25,24.078158797813007,31.00333333333333,0.0,100.0,151.7,23.26431699095122,-0.4804279961129909,73.61667894521658,72.37126106638817,67.37328396077356,0.041999999999999996,25.326,64867.810087610975,1.53,70.24753412604232,7.5,10.488186884063964,23.2,4.55,45.004000000000005,55.730000000000004,16.216,74.096,0.0,3.5875898944881044,4.415396924376762,5.619346205537164,2.4840304164946367,6.153780371282229,6.381408317815999,6.624717494788235,5.55706184244465,4.148813437219123,3.6093888421456284,0
100,4.8638777076995385,122.77876465147932,0.45700462432003225,7.75,735.3625,917.88,39.376666666666665,13.700000000000001,18.95,33.11,34.37,116.905,6.390000000000001,-33.415,72.14,18.905,-2.4285895358741043,53.7285160358995,437.39,-2.3899999999999997,-2.325,-1.63,-2.145,-2.1550000000000002,-2.69,8.0,6.2,5.6,38.606666752688156,1.505,12.5425,51.525,90.5,15.378534399754342,-0.010000000000000002,5.0,56.93608358663985,42.78760209151005,5.456,67.018,1473.5,2.4859999999999998,54.3525,11.709999999999999,8.1,115.8,4.87,34.306,50.43333333333334,23.178,36.938,5.6,9.7,9.9,9.45,9.399999999999999,8.399999999999999,9.5,9.850000000000001,9.65,10.0,9.5,0
101,5.8718716991913045,134.601248350291,0.5635927247271292,14.64,938.17,8600.160278961355,31.04,20.1,6.734522846856689,13.803312191359487,60.51928768688297,181.01,6.49,-30.64,61.399483947466095,26.71,-1.6800000000000002,24.086666666666662,35.21,0.75,0.675,0.58,0.94,0.72,1.01,29.09428354258144,2.6,2.6,34.9475,10.092695946529838,11.0,78.99304407378474,70.4,16.84211245400789,7.48,60.25,59.362956364755,71.5,0.61,83.18,5610.0,3.43,56.45,11.42,11.256335394495876,108.0,6.58,36.22,47.83,21.15,39.69,11.963532562727632,6.000760186846356,7.0121379333464215,6.649496795374354,6.207176097282368,7.199640555111111,7.086253320699856,6.568849025573181,6.623788478511495,5.4765310496222765,6.35325175557829,0
102,6.267479677827977,152.46738810641983,0.6318147344471291,3.3430099844162466,7162.198317474366,16756.72667016557,23.99081786224455,134.5808128097759,5.03927204953755,11.85237391460272,64.18777159956599,101.31251761429944,2.2033875308459905,-5.620610655220119,66.77283948178355,15.48936901886905,-2.3,26.17,3.56,0.81,0.7,0.7,1.1,0.85,0.54,36.06434563082237,1.75,2.0,33.61,18.58120616398969,5.080811225110104,83.93652662528615,82.625,18.08,-6.865570109789548,53.0,58.39888531789564,73.0,0.01,71.4275,64882.908891625026,4.72,65.1198467928924,9.545587844751601,11.239238801918734,67.5,4.427547105278339,50.127820637574516,45.65925768746021,53.63686810814721,50.32461139751467,5.1,4.897515103239523,6.462843477153076,6.431971792878914,5.605794841118843,6.782427114074015,6.538681911966426,5.791903167112062,6.0424305329944,5.348707318058764,5.769060419622064,0
103,4.320789324347844,128.61927788388343,0.6415000140156556,2.26,3610.64,3498.685,22.991504008782425,0.5,6.122756856026904,10.999720739174224,56.0411506131152,89.79995178257539,1.1775,-8.321277880759606,72.51707319781654,15.294558686868315,5.955,18.1375,25.994,0.6625,-0.7,-0.245,-1.15,0.785,1.2925,29.010126122591316,1.0,1.2,36.999066101637204,20.125,0.0,97.4125,96.67999999999999,14.313636146721649,5.884923498593447,27.3897952603278,55.1809940026108,54.46739952389373,0.01,48.019999999999996,64886.32743274803,1.342,69.8359526984066,7.411865059586829,11.400267371926255,35.0,4.724969790077911,49.606545867749915,41.285960314448175,54.54940801280164,51.559422129989265,14.0,6.497835886895846,7.005314422710146,6.67759244292426,6.362195602344994,7.000648625567056,6.645105391877121,6.262346089015049,6.660216646624723,5.679979146199338,6.302275267999501,0
104,5.9274528099574155,125.49233724347552,0.6365832709720239,5.515000000000001,1795.0575,3818.0,15.04,60.18336734930307,6.954780791242821,8.281195887915043,55.70434213020048,54.64,0.34500000000000003,0.775,35.36,18.015,25.32,14.37,155.28,0.49,-1.0,-0.01,-0.68,1.07,1.39,30.266899623829485,3.5,2.5,38.13145799096402,27.3,1.6625,99.005,104.85,13.2944910590648,-0.5933286783477598,26.867070210474495,52.47646167086854,46.91828073843105,22.696,35.78,175350.0,1.0479999999999998,66.75333333333333,10.62,11.023100363954965,35.75,12.28,30.87,22.5,37.53,32.59,10.493336528954586,7.585782753296684,7.377949202196424,7.413820178042045,6.276727458171635,7.406666304148002,6.976533665117929,7.588247260816417,7.792762464480722,6.677295852056092,6.149598463887575,0
105,6.595373818180665,151.4786791999331,0.7258099939509721,3.543149362887419,7012.486937329964,16189.700489616314,24.086610628259752,-40.05646138456012,7.9523847469164375,10.799965386546473,57.40907283726035,98.65785477673278,2.8840591560248283,-5.697471925116044,66.98504518327962,15.573768087321346,-0.7457036965486519,46.33479422169423,354.44758209044943,0.81,-0.13185568829199612,-0.22742580480770036,-0.22904736560101524,1.29,-0.12465881317012789,35.61221270229761,1.0,1.0,34.45237725705782,47.935,6.840836393349441,100.0,99.86190941109676,15.799343573271386,8.654550515713943,36.00148545602624,58.13514022483923,55.02916082256708,0.03,1.59,64882.98418178955,0.27,72.85684374210074,6.226983352923066,11.300387901805925,8.0,4.392042589934634,44.97,43.71725211272058,18.98,76.9,0.0,6.0217738358951305,6.582876267376193,6.523983953022432,5.7852243852256615,6.92834189393269,6.668936306823615,5.7372083248889325,6.095388837679095,5.52644070419472,5.9322562709937205,0
106,6.711210880304211,151.55720714242796,0.6628746255560125,3.519898205854849,7014.612739397939,16241.473679760591,24.098133042727042,95.9991536624268,7.710243678311479,14.981156272763604,61.30470844011142,80.57397657916493,2.853150085166461,-5.7035952820701565,67.00250279971583,15.562448202961537,-0.743986182237427,46.306853308837006,354.3812803152311,-0.22737107108311072,-0.3410919916311759,-0.3521095117449941,-0.3715824811775468,-0.1700896037241698,-0.20189857620668136,35.629062639823864,3.414841216252591,3.255375916284165,34.49796814863741,18.227029866631234,8.454690512072077,78.31359857929182,86.15341593075667,15.80499541065349,-3.1299280365773825,36.03430179656226,58.14897817837343,53.96671962776847,9.709999999999999,42.424,64882.991213270085,0.656,69.886,9.7,11.29297120667635,19.75,4.350310581593122,49.73609139956427,46.300903443434954,54.02684441901298,49.576928043701784,9.51860849253308,5.637025721557945,6.5838646960601315,6.527367649098179,5.794457927243531,6.933152201724233,6.680354809265221,6.246821853510097,6.579562050419842,5.5395808424092445,5.945862584715739,0
107,6.7224193333898725,151.53688377444325,0.6042278707092488,3.5159702513143154,7010.782072180257,16230.14285912515,24.089536807743823,80.31469688533831,7.172509738168831,13.537913128470779,64.78680628904003,83.96061705902605,2.837422641528627,-5.706114476829408,67.00343465763981,15.560257141199656,-0.74560160736564,46.31415408662351,354.40325896791194,-0.38406233005987267,-0.38085658113354715,-0.36353332110853004,-0.3503952203038545,-0.2571134557307249,-0.22312382188451713,35.621486624182985,4.053261137181478,3.808631102313256,34.50223540748501,18.218976414971216,8.708380199518732,77.97077488784161,78.11545513193357,15.805464969711137,-1.785918897606611,36.02700352498174,58.146777397613974,57.75967681599009,13.852,47.852,64882.99087214226,1.402,63.274,9.048,11.290290689046916,80.2,4.341268785374374,49.51659178197114,49.032269557051016,53.3727990060342,46.716982160665864,9.521686036786559,5.627763935597459,6.588936013063988,6.533091486916313,5.804832099046014,6.934618128754361,6.689738566800913,6.189765844835887,6.451347324437625,5.549764710037194,5.957053950503026,0
108,6.751930740473918,151.5437511867435,0.5630972725777463,3.5087709068108084,7009.621868285605,16235.44857964841,24.08717260186083,98.69297352381392,6.720511778584547,14.340529373693398,67.25391180870812,95.63011752248318,2.8282609983486946,-5.709163995133294,67.00717530363931,15.557737319892132,-0.7455523838329414,46.311893602877255,354.393497886874,-0.4595148698263185,-0.3696659637618884,-0.38708434232323535,-0.2937688847808295,-0.3377854239030528,-0.2453912978150103,35.62237662476697,4.674648665270478,4.3377616412913715,34.512954787365885,18.201521544599604,8.935964593602035,77.80816709923606,72.62405234031898,15.806897224950697,-3.2932725322472525,36.03110718915737,58.14907752076257,60.745679546355376,4.273999999999999,66.34400000000001,64882.99135360529,3.0,58.028,12.242,11.287494203504243,125.0,4.3276322814493176,49.96945304675066,52.91669367714,52.72512109393072,44.0695666664205,9.518865547166072,5.408057547378552,6.591140667766716,6.5374624111744835,5.8121860525759566,6.931882477322665,6.695544288277772,6.16223324301874,6.2367494326993285,5.556937700851468,5.963356794508867,0
109,6.734195811869931,151.5369177079201,0.5818836573363232,3.5128912352176385,7009.952319419928,16230.65407426527,24.087483638461876,84.39069129048059,6.892661697638034,13.472646663911606,66.1206773209677,89.66151539716728,2.832512899805133,-5.707585297333306,67.00479646845987,15.559272439548941,-0.7455864820937861,46.3142503989187,354.40173544968906,-0.4222082107824514,-0.39603658210219717,-0.3723080599501941,-0.3422023071625828,-0.2961329044303461,-0.2326549758469773,35.621068584201346,4.3595530487371255,4.050653222754088,34.50636225063577,18.21209244397793,8.885966778595307,77.86193886783386,75.11515246216585,15.806022495889685,-2.0956198551744585,36.02765544038458,58.147405990075285,59.05178259986544,3.0940000000000003,53.58,64882.990849379115,2.404,61.894000000000005,9.488000000000001,11.288925708394988,105.2,4.335373012513858,49.75262121345151,51.129319329528016,53.012160375497444,45.423881994806855,9.520998573993923,5.512374323527781,6.59043867970031,6.53560210428015,5.808899239122433,6.9332690405343245,6.692832691049247,6.14664685381479,6.320723303602096,5.553625260301952,5.960643297790365,0
