,Country from our model,Code,1990,1991,1992,1993,1994,1995,1996,1997,1998,1999,2000,2001,2002,2003,2004,2005,2006,2007,2008,2009,2010,2011,2012,2013,2014,2015,2016,2017,2018,2019,2020,2021,2022
0,Afghanistan,AFG,0.046866905,0.18642062,0.35536566,0.33708894,0.32957688,0.32957688,0.47551867,0.96114147,0.96114147,0.94438154,0.9568546,0.6790443,0.799637,0.22013278,0.63917166,0.9341711,0.98158467,0.9896421,0.96163636,0.8794318,0.9934829,0.98657566,0.97745025,0.9901732,0.9807608,0.9959383,0.98062044,0.9638147,0.9379125,0.96910334,0.9505947,0.98874307,0.5522721
1,Albania,ALB,0.09286702,0.9323765,0.13421588,0.4875023,0.84509623,0.72861046,0.8945487,0.050938617,0.011316112,0.08562576,0.07284422,0.017416451,0.022429004,0.0312763,0.42407334,0.027207673,0.006509748,0.0047628605,0.00023273364,0.0003617533,0.00042253567,0.00053771236,0.00028642695,0.009271885,0.064313024,0.06861687,0.6078266,0.57648927,0.27445623,0.18883164,0.1569439,0.87005395,0.30201596
2,Algeria,DZA,0.070900805,0.8845738,0.7830019,0.64806086,0.803938,0.82133603,0.787675,0.013577659,0.33413738,0.6581902,0.20039292,0.10470771,0.16862042,0.20815542,0.4369354,0.063006945,0.017033745,0.007469338,0.009630314,0.042246874,0.10413325,0.3250409,0.52962023,0.6000142,0.111580595,0.21852896,0.993946,0.99589443,0.3948267,0.33601108,0.14234921,0.18526195,0.18526195
3,Angola,AGO,0.008159961,0.05087275,0.01226016,0.0060479008,0.0013402125,0.0019954331,0.0026998178,0.029309092,0.06604227,0.8405556,0.97500527,0.43530303,0.35408416,0.54009956,0.038192224,0.12825108,0.10836047,0.09481352,0.02615987,0.03930453,0.07582957,0.23713154,0.10049,0.10049,0.01644236,0.051404327,0.04673658,0.039333005,0.74453044,0.7985903,0.77808964,0.40411174,0.24868433
4,Argentina,ARG,0.2929536,0.8605325,0.8401082,0.61645985,0.56718534,0.1075853,0.11367286,0.012290739,0.0036082717,0.0045857835,0.022650931,0.014803686,0.80020535,0.9160511,0.38579315,0.3520213,0.029905723,0.0008359337,0.0022798327,0.00043233114,0.00043233114,0.00037819904,0.0013122658,0.004635692,0.017155133,0.001214413,0.0028742165,0.013540184,0.0130475415,0.028249685,0.044897728,0.027713234,0.018598884
5,Armenia,ARM,0.043697227,0.0027256086,0.002284422,0.00045871633,4.835782e-05,4.835782e-05,0.00011988426,0.00013111517,0.00018597484,0.012334166,0.060828567,0.23080559,0.050818205,0.033130016,0.20779942,0.13092522,0.85347927,0.92009556,0.99561715,0.9977424,0.9018935,0.8896612,0.85390127,0.920937,0.8397567,0.3517248,0.6661834,0.7720427,0.92361444,0.83956254,0.76586545,0.711732,0.8338297
6,Australia,AUS,5.3232718e-05,4.6685793e-05,9.058152e-05,0.000117632706,0.00030955247,0.00047122533,0.00047122533,0.00037697432,0.00017684273,0.00017684273,0.00037375305,0.00037375305,0.0006111644,0.0006111644,0.000634123,0.000634123,0.000634123,0.001244448,0.001244448,0.001244448,0.0014225615,0.0014225615,0.0027242196,0.0027242196,0.0042622765,0.0027242196,0.0027242196,0.0016653498,0.0026071463,0.0042622765,0.0042622765,0.0048688147,0.0070252614
7,Austria,AUT,0.0022854698,0.0035660518,0.0015471103,0.0015471103,0.0020701666,0.0033417854,0.004947082,0.024885517,0.017027015,0.0004201446,0.00048612006,0.00048612006,0.00048612006,0.00054453965,0.0027129734,0.0005428008,0.00030750083,0.00018154077,3.360913e-05,3.0303883e-05,0.0002562626,0.00087913114,0.0012046633,0.0014452554,0.0014452554,0.0014452554,0.0014452554,0.0014452554,0.0014452554,0.00046917974,0.00046917974,0.0012422546,0.0009934466
8,Azerbaijan,AZE,0.038627617,0.034910332,0.0032361648,0.001684742,0.0026650412,0.012009931,0.34329784,0.0014530884,0.0025445726,0.009414013,0.6611819,0.9189425,0.929128,0.9909411,0.9917887,0.9909225,0.9923907,0.9939272,0.94992894,0.97907424,0.9929482,0.9944753,0.9954959,0.9720824,0.9587155,0.98233664,0.8602278,0.4403897,0.55003804,0.5815627,0.4256501,0.42830414,0.49760664
9,Bahamas,BHM,4.113748e-05,0.003140629,0.009298146,0.0061308765,0.008122315,0.008122315,0.009671071,0.007238056,0.0021845482,0.0013200495,0.0009570185,0.0009689881,0.0006892778,0.002211839,0.00076981215,0.0056226137,0.0024528133,0.002095462,0.0021272625,0.0039120503,0.0039120503,0.005879279,0.005879279,0.0057553276,0.0057553276,0.0051215906,0.0051215906,0.0051215906,0.0051215906,0.009468046,0.0047937655,0.0051034004,0.0056103347
10,Bahrain,BHR,0.08474215,0.09311871,0.07071182,0.42768255,0.9472902,0.78584105,0.25338468,0.018784074,0.018784074,0.00989059,0.003487371,0.0020058595,0.0020058595,0.0015551568,0.0015849393,0.0015849393,0.0012727797,0.0012727797,0.0079317065,0.0079317065,0.0071603744,0.012401661,0.012468944,0.018249301,0.016484294,0.0057496927,0.012179753,0.008815841,0.008815841,0.3904085,0.62579644,0.73387617,0.894069
11,Bangladesh,BGD,0.8612148,0.16864629,0.01826722,0.010450607,0.010450607,0.003837845,0.0010302897,0.0035705958,0.0028939727,0.0023888657,0.002071625,0.015677491,0.004704017,0.009201729,0.0033984075,0.062630445,0.04597494,0.012860381,0.24740678,0.3057625,0.32776925,0.2090435,0.010360175,0.012081477,0.33738318,0.33738318,0.33738318,0.019769449,0.0076275053,0.0032780387,0.0017964869,0.00465036,0.00465036
12,Barbados,BRB,0.00014290732,0.028694961,0.1499991,0.22299102,0.0076377667,0.0012906153,0.0017526444,0.0011072947,5.042145e-05,0.00016736046,0.00011685548,0.00012188427,0.0003609649,0.00061134,0.0019517109,0.0010315635,0.0045200754,0.00018398253,0.00012494695,0.00017807253,0.0030172796,0.007920267,0.0026123244,0.0064398265,0.0072295014,0.00894321,0.00658423,0.004861086,0.015561228,0.014695007,0.020632645,0.0069477325,0.006287533
13,Belarus,BLR,0.0014183187,0.00081087515,0.09222332,0.6971657,0.5466446,0.24014294,0.23908679,0.00012685504,0.00012685504,0.0037702087,0.005449603,0.004226244,0.004226244,0.0036126166,0.00024502698,0.00060562097,0.00042911147,0.0021158443,0.0025545792,0.0035225463,0.00090666977,0.007225656,0.011137805,0.0093736295,0.015359296,0.06005188,0.7280616,0.6190256,0.97028434,0.9817052,0.9811477,0.9401459,0.93427575
14,Belgium,BEL,0.0012119719,0.0009015253,0.00078421296,0.00078421296,0.005032827,0.0016882834,0.0016882834,0.0016882834,0.0009972849,0.0003132047,0.0003132047,0.00019989775,0.00019989775,0.00046433587,0.0009972849,0.00046433587,0.0009972849,0.00046433587,0.0002216965,0.00017512914,0.00094457896,0.0028199847,0.0082793385,0.010111938,0.010111938,0.003302039,0.010111938,0.010111938,0.003302039,0.003302039,0.003302039,0.010111938,0.010111938
15,Benin,BEN,0.031773772,0.0065381248,0.026180372,0.4301912,0.08327822,0.0061499486,0.005051071,0.0029491168,0.0041420734,0.00258389,0.0036296456,0.0027702434,0.0019277793,0.0039610793,0.0039610793,0.0015840236,0.007447795,0.014418374,0.008311714,0.005323924,0.0058726887,0.0029820986,0.0010067611,0.0021970167,0.0016364853,0.0037836023,0.002153417,0.0077877627,0.004154977,0.004154977,0.004249243,0.011562296,0.014016675
16,Bermuda,BMU,0.0003977821,0.00017020412,0.0028863212,0.0033780842,0.007871019,0.0063029253,0.006823454,0.016508881,0.0021982056,0.00018836734,0.00026519338,0.00012439748,9.8649776e-05,0.00012439748,0.00012439748,0.00012439748,0.0003937116,0.00082446245,0.00026519338,0.0009234502,0.0060862475,0.0032182415,0.0024262238,0.0027150048,0.0027150048,0.0030047903,0.0024262238,0.0032375278,0.004004637,0.009323106,0.011527329,0.0068402323,0.010197342
17,Bolivia,BOL,0.015023114,0.0062871934,0.014530143,0.014813941,0.0072055226,0.0072055226,0.008768372,0.018041924,0.025185872,0.01875026,0.01931407,0.013153796,0.36171895,0.12675801,0.14605905,0.35868895,0.15741083,0.255362,0.0038579977,0.19399998,0.1896894,0.26850793,0.08840595,0.03780974,0.039523363,0.044896215,0.08965784,0.22258055,0.002523573,0.0042536943,0.006946699,0.0005940812,0.0021912095
18,Bosnia and Herzegovina,BIH,0.038627617,0.27466002,0.27466002,0.6861496,0.80714446,0.7892008,0.15830292,0.0037433875,0.0029643308,0.0027572238,0.00189326,0.0069927406,0.002132979,0.02347957,0.007826164,0.01561432,0.014208867,0.008994911,0.018432654,0.089400105,0.09752906,0.12211146,0.33468542,0.4502302,0.19424196,0.14089459,0.038265333,0.059159387,0.11672589,0.19398116,0.479406,0.4412495,0.26453304
19,Botswana,BWA,0.00013427321,0.00013427321,0.00017474184,0.0002499457,3.714747e-05,3.1923457e-05,3.1923457e-05,3.1923457e-05,3.1923457e-05,5.1367067e-05,7.966199e-05,9.30512e-05,0.0002872019,0.0003160498,0.00036288315,0.00066940277,0.0003160498,0.00036288315,0.00036288315,0.00036288315,0.00036288315,0.0013957762,0.0018453309,0.0010690673,0.0009057481,0.0030660757,0.0036552243,0.0021542718,0.004397325,0.005016095,0.015958006,0.010232175,0.016410805
20,Brazil,BRA,0.015297662,0.078473076,0.09298356,0.09298356,0.46021578,0.19449367,0.015669914,0.0130784325,0.007132074,0.037059758,0.011013903,0.009082136,0.007421668,0.16353042,0.2726608,0.1043389,0.16423833,0.28142175,0.082306765,0.29974398,0.96764684,0.8398651,0.8398651,0.97478116,0.69441795,0.62290555,0.9018081,0.41555855,0.32891226,0.74537456,0.79658365,0.6660933,0.4477753
21,Bulgaria,BGR,0.039635517,0.262314,0.51621664,0.007140324,0.01872873,0.112212226,0.06809479,0.007364048,0.0037185098,0.0076398705,0.0058681164,0.14106679,0.35031727,0.1241089,0.041046564,0.00844223,0.009424775,0.006589063,0.008858589,0.004340014,0.004340014,0.07376104,0.03989142,0.18318799,0.23391551,0.07218059,0.07628665,0.04077804,0.027343327,0.0058132373,0.00055226753,0.028165454,0.07977097
22,Burkina Faso,BFA,0.21289411,0.008502359,0.0029555666,0.014873923,0.14386182,0.268882,0.30688196,0.055818252,0.59377944,0.24422406,0.094147645,0.0036126475,0.0036126475,0.09193162,0.008607052,0.019992923,0.010233589,0.013767684,0.013767684,0.022944737,0.014617318,0.009180377,0.010562193,0.006275767,0.014450507,0.013580546,0.01883892,0.030150548,0.015030045,0.033427566,0.053064235,0.06144855,0.060378548
23,Burma (Myanmar),MMR,0.049486443,0.018294947,0.018294947,0.06454939,0.41744134,0.81772715,0.52124375,0.18748075,0.18748075,0.3098526,0.22782731,0.70867354,0.85032696,0.86635983,0.65157443,0.22991931,0.13888222,0.34082347,0.9866698,0.9866698,0.9880272,0.99003345,0.99733055,0.99583,0.9951964,0.99376655,0.9716994,0.9868727,0.9267177,0.90437263,0.88368213,0.99615955,0.9960757
24,Burundi,BDI,0.9681674,0.88026845,0.7745468,0.8177815,0.4864467,0.29603794,0.08831606,0.09994784,0.18924166,0.09101109,0.35838294,0.12048121,0.20960094,0.066655755,0.6037406,0.513721,0.6295448,0.87273705,0.011153645,0.033297755,0.5361097,0.79338115,0.7408204,0.7408204,0.9190446,0.97534364,0.8098909,0.42379782,0.030482002,0.30318263,0.07820567,0.023019541,0.00859013
25,Cambodia,KHM,0.90237135,0.8638693,0.8638693,0.9833788,0.8684535,0.39422294,0.1218756,0.020137,0.013226088,0.017825365,0.52330077,0.037633467,0.1864292,0.32246614,0.023611857,0.19609721,0.11833034,0.7803807,0.95494115,0.98515886,0.97291327,0.9734847,0.9734847,0.9986425,0.9988011,0.9966388,0.9966388,0.99935514,0.99960035,0.99817705,0.999033,0.94834226,0.90312266
26,Cameroon,CMR,0.0044401726,0.008405161,0.15303585,0.040206503,0.040206503,0.040206503,0.011569579,0.0069659455,0.004942739,0.001959053,0.0016687313,0.0022051183,0.00829869,0.0097547,0.011718887,0.06013619,0.080645695,0.10396067,0.076475315,0.043885864,0.07944167,0.07915501,0.059904005,0.6513242,0.70319515,0.7534946,0.89723665,0.99382085,0.9887899,0.9860533,0.9943889,0.99728036,0.9966016
27,Canada,CAN,0.00023256661,0.0007786316,0.0015857999,0.00088621094,0.0010350222,0.001754293,0.0032074447,0.0053987466,0.005608052,0.0013495351,0.0002976172,0.00020257398,0.000264053,0.000453128,0.000453128,0.000453128,0.00029490062,0.00028572654,0.000401741,0.0004397723,0.004905555,0.010565174,0.010565174,0.04554734,0.022506777,0.007843081,0.013409425,0.01438531,0.0115862,0.009181396,0.009181396,0.043241326,0.057638966
28,Central African Republic,CAF,0.102914914,0.05019838,0.08702055,0.047663603,0.0063854284,0.035285134,0.027681766,0.030514618,0.12258381,0.23860046,0.14964665,0.048588544,0.14527433,0.037401855,0.15414411,0.10482727,0.4512283,0.27933645,0.63324237,0.9493426,0.9875674,0.97730184,0.9890688,0.9552999,0.35501438,0.20960972,0.027758935,0.0038570086,0.0033473994,0.025194084,0.062278107,0.051558305,0.05426514
29,Chad,TCD,0.5897532,0.45282537,0.21003085,0.45764333,0.057587765,0.059390493,0.12984541,0.024738256,0.07707157,0.49109933,0.117651366,0.036791682,0.093721375,0.77866274,0.7238119,0.8883056,0.8717719,0.43306154,0.711796,0.27493677,0.25255242,0.2433708,0.2433708,0.7624855,0.36284965,0.8689579,0.9835333,0.9777039,0.95280004,0.43574363,0.43574363,0.097942874,0.13395415
30,Chile,CHL,0.0007644541,0.0006344147,0.010000976,0.050381266,0.17098068,0.21417072,0.2574524,0.0012405514,0.0012405514,0.0024469912,0.0028353648,0.0017351484,0.005882357,0.11263411,0.18526286,0.02594222,0.014718839,0.009611136,0.004675747,0.0041270773,0.0041270773,0.006211654,0.007035497,0.007035497,0.030884188,0.16147411,0.14668463,0.46660927,0.95087284,0.95087284,0.7506042,0.54437816,0.13751692
31,China,CHN,0.16609778,0.17768127,0.23707147,0.23707147,0.2167209,0.10992168,0.0078848265,0.009845318,0.028337907,0.0050755874,0.0050755874,0.0071050343,0.0007748839,0.0005092934,0.011230197,0.017283453,0.002682835,0.0030797236,0.04624116,0.023574425,0.014221971,0.0034202635,0.004427239,0.015034479,0.010340452,0.04035955,0.037418425,0.0149861155,0.038993917,0.08411607,0.020148205,0.022287203,0.022287203
32,Colombia,COL,0.10384186,0.04972369,0.16477734,0.21483643,0.23986669,0.2917684,0.27538842,0.005220428,0.005220428,0.005877195,0.021574903,0.27068293,0.4005041,0.32462347,0.96631247,0.6157466,0.8635552,0.65139705,0.026153147,0.026153147,0.05624409,0.052221727,0.3079801,0.26301473,0.12157395,0.25109705,0.42419273,0.33145875,0.1672558,0.09435441,0.06908532,0.11895822,0.20089641
33,Costa Rica,CRI,0.0018369876,0.0015763434,0.0025680757,0.0011836422,0.00025921385,0.00032973752,0.00024021193,0.00082893536,0.0013536658,0.010615402,0.0033773184,0.0061871028,0.002825426,0.008205389,0.061191473,0.009740505,0.03832358,0.03832358,0.0041038287,0.006938175,0.018482007,0.008002786,0.0076919305,0.014692999,0.028284756,0.064903356,0.064960375,0.026843796,0.025820175,0.04159733,0.04159733,0.5902036,0.08278649
34,Croatia,HRV,0.0026943677,0.0058069127,0.0010397765,0.007602987,0.0040818406,0.005195664,0.0027473555,0.000110376954,0.0017819072,0.00017435188,0.00032810782,0.0022146725,0.000589997,0.0015459345,0.0038090239,0.0022479754,0.07594564,0.0503377,0.064412266,0.0503377,0.12998076,0.27819556,0.27819556,0.6483076,0.56658524,0.19831575,0.023258315,0.013758732,0.004504072,0.0012413126,0.0005346233,0.008123271,0.0007290912
35,Cuba,CUB,0.026809195,0.0036562071,0.0036562071,0.019404689,0.01092107,0.023321677,0.023321677,0.010573845,0.010573845,0.010573845,0.019217858,0.024214854,0.024214854,0.0691144,0.0012586052,0.00076813594,0.0013999176,0.0018502981,0.00013847575,1.9476658e-05,6.9269314e-05,6.355297e-05,0.00018312842,0.00013340257,0.00013340257,0.00036034727,0.00020531342,0.00020531342,0.0010726756,0.0009219592,0.0013472834,0.0011580278,0.0009219592
36,Cyprus,CYP,3.5469824e-05,2.865165e-05,2.865165e-05,2.865165e-05,2.865165e-05,6.806072e-05,4.259471e-05,3.3643635e-05,7.839878e-05,2.4419856e-05,2.4419856e-05,2.8524497e-05,4.8117094e-05,1.2258375e-05,6.0583305e-05,0.0002493692,9.53538e-05,0.00014358043,0.0042875465,0.0034015889,0.0047979145,0.0012325811,0.0033359875,0.008560948,0.0377584,0.025080768,0.047010805,0.047010805,0.015746597,0.00078986527,0.0005203335,0.0011087608,0.00015722429
37,Czechia,CZE,0.00054566993,0.02444033,0.03963128,0.025494235,0.0070220847,0.011079477,0.007252001,0.00016222823,0.0006066236,0.0006130621,0.0009087546,0.00095312437,0.012603806,0.03959215,0.000987941,0.0008641977,0.0005897968,0.0005130278,0.0005130278,4.2974603e-05,2.3342718e-05,4.896894e-05,0.00026426656,0.00081438996,0.00081438996,0.00081438996,0.00026426656,0.00015601375,3.125066e-05,2.3342718e-05,1.79068e-05,0.00040322336,0.00040322336
38,Democratic Republic of the Congo,COD,0.020937206,0.026809394,0.0056120106,0.0056120106,0.118495025,0.0023293921,0.0037207452,0.6547553,0.251727,0.6570648,0.8056512,0.0865527,0.03172274,0.16307373,0.29518655,0.6977391,0.99216944,0.9932168,0.9720882,0.96656203,0.973937,0.98241055,0.99237907,0.78856033,0.61641276,0.4706872,0.4180079,0.19004108,0.15621127,0.17659698,0.590777,0.86998874,0.77112
39,Denmark,DNK,0.053726807,0.0061811036,0.018816475,0.018816475,0.018816475,0.0036579724,0.0019465449,0.0014309386,0.0004837121,0.0004072764,0.0004837121,0.00020662253,0.00032374036,0.0010608602,0.0017958302,0.0017958302,0.00546095,0.0005150489,0.0005150489,0.0005150489,0.0019799015,0.002231081,0.002231081,0.0012422546,0.0012422546,0.0014452554,0.0014452554,0.00046917974,0.00027701096,8.448856e-05,5.698226e-05,0.00046917974,0.00027701096
40,Djibouti,DJI,0.122205175,0.9226949,0.9226949,0.8739642,0.8739642,0.8739642,0.8739642,0.91067517,0.5538803,0.35667542,0.17166586,0.12475016,0.20384294,0.14149031,0.098639265,0.10862888,0.12064163,0.0977815,0.5784862,0.70666295,0.23118952,0.13528773,0.04771116,0.14085363,0.05210136,0.1359051,0.96421355,0.94813377,0.9532576,0.93559486,0.9546144,0.9577495,0.9264539
41,Dominican Republic,DOM,0.00080806436,0.0005627214,0.00013119295,3.9790346e-05,3.5563542e-05,5.6704448e-05,0.00018643682,6.3336316e-05,0.0001045693,6.274986e-05,1.641611e-05,1.5362779e-05,1.9842335e-05,1.5362779e-05,2.9575138e-05,0.00013726103,0.0006419735,0.00021189969,0.0007503851,0.00024619413,0.00020225416,0.00040544316,0.0007141141,0.005667492,0.0009760634,0.0009760634,0.0009760634,0.0008571142,0.010150902,0.001529892,0.002122143,0.002545122,0.0021685408
42,Ecuador,ECU,0.01964821,0.016456734,0.03233849,0.3362854,0.41249493,0.3422904,0.27773657,0.120644026,0.009549666,0.0054725152,0.101373434,0.3038111,0.41832152,0.48978132,0.900918,0.040040925,0.104092084,0.3079436,0.19144157,0.10738806,0.81778204,0.41078436,0.008668947,0.0040824553,0.0021128112,0.016505234,0.028718794,0.3505953,0.45369458,0.19169839,0.14805803,0.09754699,0.0098770475
43,Egypt,EGY,0.049675807,0.90563595,0.6394647,0.84084076,0.82992387,0.7256531,0.7323081,0.334033,0.026709784,0.08461294,0.009391587,0.05697325,0.060572885,0.06786316,0.035092413,0.49469545,0.97163624,0.8169944,0.99482733,0.99847156,0.93653095,0.95794255,0.7218236,0.39423603,0.13513158,0.006695917,0.014680951,0.011704317,0.018677589,0.011090815,0.06066866,0.029549917,0.029549917
44,El Salvador,SLV,0.00019017617,0.002208598,0.0007745233,0.0033812048,0.0017260414,0.01413536,0.006944088,0.0036212003,0.010823696,0.0008649262,0.00086745346,0.020738523,0.010732114,0.02193537,0.0030797648,0.0035304117,0.2754368,0.085316926,0.0011217785,0.0009897306,0.009345921,0.021288037,0.054661646,0.054661646,0.0025283345,0.0008230014,0.0017332588,0.018079245,0.014039778,0.010271515,0.0002072739,0.001674868,0.0014607287
45,Equatorial Guinea,GNQ,0.18143982,0.021420483,0.021420483,0.025882063,0.025882063,0.15141243,0.15141243,0.8595854,0.7223367,0.7223367,0.7245214,0.7245214,0.7245214,0.696006,0.7541438,0.8854981,0.17629628,0.24916986,0.38737658,0.80154973,0.80154973,0.77798307,0.77798307,0.91661483,0.9553682,0.5518334,0.8934965,0.7934851,0.7934851,0.7934851,0.7934851,0.8630478,0.84710526
46,Eritrea,ERI,0.0030195194,0.043151014,0.043151014,0.70353657,0.3148584,0.18087573,0.5827889,0.023201516,0.02739427,0.02739427,0.0030490176,0.0026798677,0.0031032825,0.01187255,0.014215802,0.040054195,0.04119284,0.052207325,0.009434231,0.00019250796,0.0013782496,0.00066793995,0.00043233257,0.0045674187,0.02007441,0.15345033,0.3195971,0.029272795,0.02556506,0.016102716,0.030924866,0.01293448,0.016446317
47,Estonia,EST,0.00054566993,0.03044848,0.035700843,0.06663799,0.0009859204,0.0011755275,0.012462036,0.00027773395,0.0009659547,7.738019e-05,9.175612e-05,9.175612e-05,9.175612e-05,9.175612e-05,7.1223614e-05,8.987316e-05,8.987316e-05,7.2527364e-05,7.2527364e-05,7.2527364e-05,0.0019406824,0.0029740978,0.005055564,0.0009934466,0.0009934466,1.866285e-05,1.866285e-05,0.00034555976,0.00022055084,0.00017443985,0.00017443985,0.00027832374,0.00047691463
48,Ethiopia,ETH,0.6449847,0.9679471,0.77644587,0.27559197,0.48563144,0.54139954,0.6038465,0.5285408,0.7765079,0.3692309,0.44853327,0.43854865,0.3903592,0.09411924,0.07526439,0.45826015,0.5304033,0.74718565,0.08818201,0.17693175,0.07603967,0.041083805,0.0063331095,0.0075106877,0.017088609,0.004094732,0.0041630585,0.019866884,0.021508712,0.03044119,0.027919833,0.0977167,0.0869372
49,Fiji,FJI,0.13733914,0.0018601198,0.0133036105,0.002147515,0.0045365687,0.001781874,0.016291922,0.0010111955,0.001527829,0.004624393,0.0019955367,0.003683535,0.003401977,0.00013893601,0.0001343885,0.00022718434,0.00020044246,0.00032766457,0.0067180744,0.0034194558,0.0030449545,0.0032471502,0.0032471502,0.0011650582,0.0008724095,0.00035126376,0.00021959945,8.4437015e-05,5.197967e-05,6.432034e-05,0.0001582745,0.0008484643,0.0022934952
50,Finland,FIN,0.00023617971,0.001600341,0.012678738,0.04168132,0.035633717,0.058674376,0.021167886,0.012739148,0.0007461438,0.00019639995,0.00019639995,0.000113852715,0.000113852715,0.000113852715,0.00028242558,0.00028242558,0.00020301483,0.00016148711,0.00012062698,0.00010052412,0.006387107,0.006387107,0.02461197,0.022028437,0.05612933,0.012525526,0.037201386,0.037201386,0.046296373,0.01237613,0.017903153,0.053217657,0.039391145
51,France,FRA,0.0076693213,0.0009450444,0.0014714894,0.0014714894,0.0431183,0.06354324,0.14846678,0.12471909,0.059571102,0.0047902456,0.0033701696,0.0028240788,0.0028240788,0.0028240788,0.0065372796,0.05896626,0.08655571,0.08655571,0.04120635,0.04120635,0.18333285,0.13368678,0.11644179,0.11644179,0.11644179,0.19514585,0.5397175,0.578599,0.6172075,0.32105175,0.32105175,0.6363175,0.5990713
52,Gabon,GAB,0.387087,0.091742836,0.0010580855,0.00045447942,0.0016500611,0.005224597,0.0015494257,0.0073090545,0.0023456374,0.0019644445,0.018679315,0.0020111487,0.0020111487,0.0012037354,0.0012686254,0.002210262,0.0062900125,0.009746343,0.0019537776,0.0016370362,0.0016370362,0.0019585188,0.0003359647,0.008215838,0.0022325476,0.001336369,0.0027372532,0.00047872693,0.00024685578,0.0003251338,0.00037018344,0.04587098,0.066220425
53,Gambia,GMB,0.00074296864,0.0001864932,7.338216e-05,0.00019070368,5.2968946e-05,0.00012366349,0.00259981,0.002994114,0.00018173405,0.00012454773,0.00012463685,0.00052739773,0.0022513245,0.0036208578,0.010751197,0.0014303466,0.00085776986,0.012444801,0.0014306478,0.0014306478,0.0020210682,0.002376042,0.0023838014,0.00076646917,0.0004220407,0.004396747,0.0063812397,0.003882062,0.0012853079,0.0010719529,0.0011665074,0.00093011354,0.0016294089
54,Georgia,GEO,0.03126343,0.41249982,0.04591819,0.0031002231,0.01594549,0.008813533,0.022598485,0.6432694,0.90583956,0.9977843,0.9991642,0.9920832,0.9392236,0.96327066,0.99081284,0.99230665,0.9716391,0.50752676,0.285409,0.059263293,0.18575211,0.06252125,0.012873942,0.014349866,0.017835679,0.0012041797,0.00097224704,0.00069159654,0.0028653066,0.0056639374,0.009825583,0.028130772,0.003601782
55,Germany,DEU,0.0009310969,0.0010326703,0.00079237483,0.00048460515,0.0013820436,0.0013820436,0.024371749,0.11542354,0.1713078,0.06283079,0.089019336,0.054537196,0.062563434,0.11241558,0.4180907,0.15471628,0.09310673,0.09310673,0.0058627143,0.003061587,0.015787894,0.0036068764,0.0036068764,0.0036068764,0.0036068764,0.00032239346,0.0017883716,0.004013881,0.0017883716,0.00023806274,0.00040322336,0.0012422546,0.0012422546
56,Ghana,GHA,0.26446402,0.17345396,0.023065126,0.03553277,0.98092884,0.23274897,0.2291781,0.005836794,0.0083476715,0.0019586727,0.001965315,0.0021788098,0.015309726,0.008850416,0.008850416,0.01436305,0.0077818027,0.012400843,0.04517516,0.04517516,0.015145061,0.010679033,0.010284893,0.10118135,0.21308993,0.036516733,0.0052807126,0.010206574,0.033558678,0.016898422,0.044189706,0.029915983,0.038027905
57,Greece,GRC,0.0027091508,0.15474477,0.066263266,0.004341174,0.14193997,0.23307715,0.13445733,0.057582743,0.016068814,0.0025510157,0.0022319283,0.0047440985,0.077517726,0.08019788,0.048866145,0.048866145,0.077517726,0.048866145,0.048866145,0.10341034,0.9456706,0.90954846,0.88150865,0.94554406,0.94554406,0.9743086,0.94202393,0.8756512,0.8800193,0.17424946,0.1333151,0.17182028,0.048973266
58,Grenada,GRD,0.0003751098,0.002203631,0.002203631,0.03421658,0.29659337,0.22265114,0.018114367,0.0026801813,0.0013624338,0.0003329904,0.00024936302,0.0009684912,0.00032534215,0.0009684912,0.0013274306,0.0011561293,0.00049769523,0.0003156183,0.00015083195,0.00041770222,0.002862636,0.0032816164,0.002412757,0.019011218,0.015063747,0.0048794425,0.0005982347,0.00065733097,0.00046452272,0.0003992207,0.00019736447,0.0026248454,0.011999937
59,Guatemala,GTM,0.0048132828,0.0002281664,3.893423e-05,0.0005744384,0.0015730986,0.0025364934,0.009595087,0.0071967244,0.006675432,0.0028849766,0.003727158,0.0026271846,0.0032335804,0.0051675397,0.004696961,0.011362287,0.0071062124,0.009079085,0.0053375065,0.0053375065,0.007631802,0.023102202,0.011309893,0.01004274,0.01004274,0.011309893,0.022627812,0.030092834,0.021867372,0.16934703,0.22378618,0.56951773,0.5611276
60,Guinea,GGY,0.0098678935,0.0009945035,0.0009594841,0.00055206125,0.00024857398,0.00029314245,0.00097567437,0.0005604754,0.000643543,0.0009069212,0.0015429711,0.0012807931,0.0017408619,0.00073917274,0.0026839222,0.0037698916,0.01665604,0.0035712472,0.433138,0.012532369,0.0031257637,0.0040262244,0.0104120765,0.04776085,0.042635385,0.0369934,0.099381626,0.014121803,0.012865825,0.022312446,0.0134427985,0.01589925,0.53023124
61,Guinea-Bissau,GIN,0.007547973,0.05055518,0.052944917,0.025429081,0.05294316,0.41377732,0.71596473,0.99285686,0.9956767,0.9513681,0.8202241,0.49242723,0.009601288,0.008814825,0.0009851791,0.0037462197,0.009912008,0.12831837,0.0024000006,0.023667512,0.022349602,0.012395547,0.0342354,0.0234126,0.016032638,0.031799536,0.009547118,0.0034410998,0.01309179,0.016229535,0.2637248,0.12730695,0.47181094
62,Guyana,GUY,0.00075921434,0.000117382275,0.0041060257,0.00026839762,0.009511375,0.0048987768,0.004304229,0.0392659,0.0392659,0.018436968,0.018436968,0.005794011,0.048881054,0.06574209,0.017608315,0.017608315,0.017608315,0.024256159,0.004465835,0.002404727,0.00047561238,0.0017049067,0.0009774426,0.0008246059,0.0012779995,0.0017392408,0.0016501523,4.2029413e-05,7.035061e-05,5.2591302e-05,0.0001366617,0.0004967992,0.0004991112
63,Haiti,HTI,0.089100786,0.38960725,0.14900321,0.0921345,0.3180542,0.044960607,0.3493709,0.0030742064,0.016540831,0.010184395,0.015385641,0.0037777687,0.0040536257,0.010013996,0.006665896,0.021128448,0.2125719,0.08918319,0.551938,0.5592373,0.1526264,0.2904785,0.86466676,0.88187164,0.9499872,0.9603207,0.9910972,0.9893533,0.9933289,0.85895,0.8712807,0.8257365,0.14981687
64,Honduras,HND,0.0002131083,0.0021551976,0.0042269244,0.0026786611,0.0042560054,0.0067470153,0.0001578942,0.027919792,0.022155475,0.0061523593,0.044322934,0.025835292,0.011725776,0.014656465,0.009358857,0.13625692,0.07143904,0.04430703,0.009670947,0.0070452145,0.0070452145,0.007929729,0.011611702,0.006457653,0.005651161,0.0022416967,0.035541177,0.036137097,0.06678737,0.0022588284,0.0018739927,0.0015313895,0.0016930373
65,Hong Kong,HKG,0.0001746249,0.00013587752,0.00013587752,0.00013587752,0.00013587752,0.00013587752,0.00013587752,0.0005331567,0.00047595776,0.0011408895,0.005171444,0.00094173173,0.0067939237,0.009020305,0.00026893683,9.423293e-05,9.423293e-05,9.423293e-05,9.423293e-05,9.423293e-05,9.423293e-05,9.423293e-05,0.00020089476,0.00042135993,0.00026893683,0.000297567,0.00045897812,0.00095149624,0.0060173296,0.0060173296,0.003467201,0.015964065,0.017849332
66,Hungary,HUN,0.00023186831,0.003610851,0.009727162,0.5420715,0.66817963,0.33320066,0.099813834,0.14947517,0.061237138,0.0031843102,0.0018680415,0.0004726404,0.00041341363,0.00024364506,0.00029054258,0.0005429581,0.0005429581,0.0005429581,0.0004929735,0.0004726404,0.020575257,0.022992376,0.0051874043,0.0051874043,0.0051874043,0.0016882834,0.0009972849,0.0005578019,8.3486804e-05,1.734469e-05,1.734469e-05,0.00011502383,0.0004945568
67,Iceland,ISL,0.0003300687,0.00061422074,0.00060091796,0.0006940825,0.0006940825,0.0022654245,0.001977154,0.0009218991,0.0009218991,0.0011527187,0.000884611,0.0017870101,0.0008658543,0.0006158964,0.001454808,0.0020779308,0.0006158964,0.0007053454,0.0007053454,0.0006222863,0.0008584506,0.005169727,0.0017177238,0.0017177238,0.0017177238,0.0017177238,0.00017271921,0.00012901721,6.0515402e-05,6.0515402e-05,6.0515402e-05,0.00038841882,0.0036071835
68,India,IND,0.36004785,0.014852984,0.014852984,0.011940789,0.00826551,0.010419228,0.021802487,0.020496136,0.020496136,0.017239522,0.013642147,0.023208715,0.02150074,0.005208985,0.0024909973,0.0075137387,0.022710813,0.052941415,0.052941415,0.03685219,0.009993534,0.006370491,0.0021259533,0.0007851813,0.0005723747,0.009905572,0.009905572,0.06480111,0.025860783,0.018472858,0.09352508,0.4685297,0.39462483
69,Indonesia,IDN,0.009374581,0.13132383,0.14502238,0.33807933,0.44290307,0.38164395,0.38286027,0.014665005,0.011678944,0.3274387,0.1328914,0.48824188,0.7182951,0.36317137,0.9964059,0.5757598,0.9839849,0.063680045,0.004863642,0.0036116848,0.00092424604,0.002002763,0.0034750572,0.008478113,0.003790962,0.028512,0.017987292,0.0297518,0.07568979,0.14192887,0.11778884,0.31691647,0.4136525
70,Iran,IRN,0.079039104,0.92578036,0.9488501,0.98442626,0.7732082,0.8575512,0.9523395,0.6515908,0.6027876,0.92974526,0.87317383,0.2847317,0.039231397,0.01356398,0.0017315724,0.0026275057,0.005656509,0.24101542,0.10242149,0.036431253,0.15593776,0.058223926,0.33339214,0.979075,0.99237376,0.99704546,0.9993734,0.99861944,0.9957677,0.9992086,0.9860951,0.9769845,0.9868116
71,Iraq,IRQ,0.035451714,0.81245184,0.2683299,0.08290267,0.25289923,0.20910196,0.94000286,0.9787017,0.66644037,0.19319937,0.47590974,0.53178567,0.14270444,0.14270444,0.18732448,0.78913254,0.9187668,0.73673266,0.038413465,0.038413465,0.36704528,0.5077726,0.50640327,0.97323155,0.9669317,0.9669317,0.9657192,0.97590625,0.9615372,0.98944116,0.85714334,0.98895335,0.99839133
72,Ireland,IRL,2.171696e-05,1.6819205e-05,1.6819205e-05,1.6819205e-05,1.6819205e-05,1.6819205e-05,1.6819205e-05,1.6819205e-05,1.6819205e-05,8.885144e-05,5.6085828e-05,5.6085828e-05,5.6085828e-05,2.5537882e-05,2.8155055e-05,3.1693526e-05,3.1693526e-05,5.3189335e-05,0.00010923085,0.00020660165,0.0031626052,0.0035632926,0.002246375,0.0019851981,0.0019851981,0.00018327411,4.097976e-05,4.097976e-05,0.00021646291,0.00021646291,0.00021646291,4.097976e-05,4.097976e-05
73,Israel,ISR,0.0003174997,0.0002926253,0.0002926253,0.00058645563,0.00019400143,0.00019400143,0.00037681262,0.00065380184,0.00065380184,0.0016646754,0.005203569,0.024548436,0.007716127,0.017274398,0.013635315,0.019330341,0.030126553,0.0142431585,0.035707172,0.035707172,0.035707172,0.035707172,0.040284384,0.15603244,0.08582569,0.08582569,0.11762894,0.49235255,0.3126606,0.4266086,0.49235255,0.29401225,0.044749174
74,Italy,ITA,0.0005012194,0.0011777708,0.0006946688,0.0016125722,0.024227718,0.11229921,0.17587103,0.099507526,0.034598265,0.020717025,0.020717025,0.020717025,0.12216063,0.12731625,0.18074322,0.18074322,0.40485233,0.40485233,0.40485233,0.40485233,0.40485233,0.31862324,0.8621938,0.88548195,0.88548195,0.9132734,0.92185485,0.89988816,0.18341447,0.18341447,0.29240537,0.1602412,0.17255917
75,Ivory Coast,ITA,0.0118037,0.00857237,0.00857237,0.00857237,0.00857237,0.00857237,0.011834364,0.0021301839,0.0035224238,0.13583034,0.1505017,0.4718239,0.9822823,0.17762047,0.0030638217,0.030644892,0.6247708,0.9457148,0.9960425,0.9947802,0.9945315,0.9904522,0.99571,0.73258895,0.6523419,0.83594584,0.85224533,0.24955198,0.10769028,0.13883936,0.049386,0.0017300805,0.002363703
76,Jamaica,JAM,0.0009107119,0.003470146,0.0028523686,0.002030102,0.0128290085,0.023100851,0.057472274,0.023279393,0.00833866,0.0128231095,0.014735106,0.008548686,0.008485347,0.0043915547,0.0010303829,0.0004994577,0.00033118168,0.027647285,0.021172713,0.008231192,0.008231192,0.005198119,0.009439072,0.0069610165,0.018174937,0.019954253,0.028588373,0.07488921,0.10869342,0.12128727,0.22058895,0.2851923,0.15901741
77,Japan,JPN,0.0015060755,0.010155364,0.010155364,0.009230178,0.013760234,0.035729643,0.04629847,0.002513348,0.002544218,0.0078034773,0.010394145,0.010394145,0.009244374,0.026923407,0.08868225,0.027829597,0.07278363,0.011716712,0.0038952408,0.010648738,0.017474605,0.017474605,0.058358405,0.050566215,0.050566215,0.010038327,0.030318175,0.062464036,0.08926557,0.037613496,0.043003082,0.043003082,0.043003082
78,Jordan,JOR,0.0013610901,0.12618944,0.09591373,0.11025848,0.03789845,0.0132403355,0.011699177,0.024590604,0.123238906,0.10422337,0.1129609,0.07992244,0.05658548,0.038193837,0.052236877,0.08102882,0.15615311,0.09055867,0.09055867,0.09055867,0.09055867,0.082387015,0.070117496,0.08777028,0.120582,0.120582,0.120582,0.16228944,0.16228944,0.368223,0.1983238,0.5481248,0.5457491
79,Kazakhstan,KAZ,0.043697227,0.012144104,0.5464205,0.014649346,0.0011889231,0.0011669153,0.49826074,0.0024592842,0.047970384,0.011657834,0.27151686,0.5087734,0.009019448,0.0025751158,0.011436622,0.011436622,0.18819144,0.25647503,0.25647503,0.06129015,0.076215304,0.3172734,0.3301595,0.0028590926,0.0030560393,0.0040674247,0.007647535,0.017805398,0.017273113,0.026165906,0.018899655,0.080200955,0.50593716
80,Kenya,KEN,0.003380644,0.046144802,0.03325868,0.16737266,0.114375815,0.3069596,0.2607102,0.88306093,0.6944758,0.77862906,0.7247061,0.34436893,0.79775745,0.79775745,0.7194659,0.6199495,0.9130125,0.92765725,0.9770926,0.93855673,0.81048,0.9677582,0.9971084,0.9888552,0.9957365,0.57552594,0.44159827,0.6582316,0.6582316,0.8767118,0.8064869,0.77330697,0.7577285
81,Kuwait,KWT,0.36670792,0.10716484,0.47760227,0.18128335,0.34782776,0.31037784,0.3490638,0.010210341,0.011344309,0.0021672104,0.003264795,0.003264795,0.005518229,0.0023679673,0.0007201569,0.0004358777,0.0003518724,0.001856186,0.001856186,0.0003518724,0.0024054192,0.040228672,0.012113703,0.012113703,0.016640006,0.011613098,0.0013226765,0.018361304,0.04652307,0.04652307,0.04652307,0.04652307,0.04652307
82,Kyrgyzstan,KGZ,0.0016942354,0.00040211208,0.015935237,0.00040207375,8.179825e-05,8.179825e-05,0.00018707913,0.00053469185,0.00160788,0.0373882,0.4797392,0.855587,0.9216235,0.93805337,0.7328129,0.83107823,0.9205989,0.9726969,0.94886017,0.9611257,0.99066824,0.826006,0.7983408,0.3125178,0.35403398,0.5451041,0.7254239,0.7254239,0.87461144,0.8461433,0.8300824,0.95656204,0.8562928
83,Laos,LAO,0.9508495,0.34411058,0.038227167,0.07459291,0.5018002,0.32101706,0.63596976,0.28512064,0.6837003,0.6441196,0.85463125,0.9185397,0.9586737,0.7491058,0.25090352,0.6448993,0.59228855,0.61470336,0.023891248,0.4809291,0.5002996,0.9065927,0.8582835,0.86857104,0.82350725,0.2159568,0.14851484,0.12633827,0.12633827,0.228699,0.41755956,0.067197956,0.117632896
84,Latvia,LVA,0.00054566993,0.0007480222,0.008347848,0.020066135,0.0016756185,0.0019282474,0.0004924273,0.00061692775,0.0041944315,0.0028199137,0.0031065664,0.0011248098,0.013214065,0.0322898,0.031600166,0.010338012,0.010338012,0.0074287103,0.0036368093,5.1635125e-05,0.00020540037,0.0048397407,0.0018376827,0.0018376827,0.002726227,0.00070320733,8.069731e-05,0.0003046679,0.00044094387,0.0006152983,0.0030901136,0.043008205,0.054042716
85,Lebanon,LBN,0.02971918,0.102603056,0.19835413,0.14255151,0.14255151,0.573676,0.7738652,0.58665764,0.25007522,0.41683188,0.66165537,0.7638921,0.9606734,0.79792714,0.83901185,0.88243806,0.71367353,0.58979577,0.29951102,0.20346057,0.08062203,0.06620999,0.06620999,0.06620999,0.06620999,0.10740634,0.116889894,0.17412724,0.6156577,0.6465099,0.807838,0.5738063,0.61395055
86,Lesotho,LSO,0.0008037102,0.024675498,0.024675498,0.005617915,0.0033766895,0.0037435829,0.0037453012,0.0024584844,0.0012139492,0.0017495655,0.0027115755,0.00071258855,0.0010867785,0.0027799055,0.0018555103,0.0018555103,0.007284776,0.00828615,0.0011363855,0.0012596222,0.0012596222,0.0012596222,0.0009692024,0.0011838435,0.002914353,0.0035582357,0.0019844868,0.0025931145,0.0030762209,0.006385198,0.0064548454,0.014899286,0.009432488
87,Liberia,LBR,0.067674145,0.20354703,0.056733094,0.04465749,0.043004427,0.034767415,0.050650056,0.94429547,0.9447281,0.9894978,0.99116814,0.99835277,0.99651945,0.98695576,0.72932816,0.60394114,0.57349014,0.91966504,0.0127537055,0.1492616,0.09191043,0.08954574,0.06570674,0.008245537,0.008245537,0.006817679,0.010056057,0.006199168,0.0057721655,0.0057976847,0.011164458,0.015596557,0.043276437
88,Libya,LBY,0.5715298,0.09539857,0.016485624,0.036381546,0.67790633,0.3065338,0.48569795,0.061020598,0.047805138,0.03407514,0.034454796,0.34014916,0.8136919,0.97731453,0.86135596,0.41683966,0.1678661,0.1956326,0.1956326,0.060326826,0.08466465,0.18944877,0.7701354,0.37304345,0.98284644,0.9460013,0.99115795,0.96140206,0.99724364,0.97781247,0.8061643,0.97225845,0.7752566
89,Liechtenstein,LIE,9.669246e-05,0.00011170602,0.00011170602,0.00018955939,0.00018955939,0.0003060802,0.00014358043,0.0001608417,0.00012439748,0.00012439748,0.0001110469,0.0001110469,0.0001608417,0.0001608417,0.0011377329,0.0019851981,0.0019851981,0.00045897812,0.0003428712,0.0001608417,0.0003428712,0.000116966294,0.0016614808,0.0019851981,0.0019851981,8.7369845e-05,8.7369845e-05,8.7369845e-05,8.7369845e-05,6.757207e-05,8.7369845e-05,6.757207e-05,7.232735e-05
90,Lithuania,LTU,0.0016651454,0.0008535506,0.004590849,0.011858841,0.0072139464,0.007447914,0.0001995251,8.114371e-05,0.00019570084,0.00012622373,9.237364e-05,8.415639e-05,9.189989e-05,8.987316e-05,9.189989e-05,9.189989e-05,6.11753e-05,9.189989e-05,0.00048532322,8.987316e-05,0.00014071674,0.0010721724,0.0027612743,0.0032763397,0.0022836602,9.535398e-05,9.535398e-05,0.00010765494,0.00010765494,8.041439e-05,9.0082685e-05,2.1070624e-05,1.5738658e-05
91,Luxembourg,LUX,8.75328e-06,3.5347384e-05,3.5347384e-05,3.5347384e-05,3.5347384e-05,7.003928e-05,7.003928e-05,0.0003132047,0.00017375225,0.00017375225,8.150028e-05,6.791743e-05,6.791743e-05,3.7971975e-05,3.7971975e-05,3.7971975e-05,7.717076e-05,8.6257234e-05,4.045796e-05,4.46041e-05,0.00019948038,0.00012730995,0.0007151237,0.0037241564,0.0023539606,0.00021016324,0.0004515129,9.046266e-05,9.046266e-05,0.00010032876,9.046266e-05,0.00029442864,0.00021016324
92,Madagascar,MDG,0.022510612,0.15802173,0.24467929,0.24467929,0.1581724,0.1581724,0.26664218,0.021591153,0.021591153,0.033422805,0.04140257,0.050759777,0.050511986,0.0037950163,0.028575717,0.09041841,0.07130825,0.05444956,0.41055655,0.9385036,0.34867173,0.24825321,0.09257646,0.18914667,0.7205512,0.6566223,0.04492659,0.08338798,0.15429467,0.09926655,0.5166202,0.25575042,0.20152502
93,Malawi,MWI,0.008734197,0.007284948,0.030553028,0.008429801,0.0068477714,0.024994813,0.19244061,0.00024609087,0.0008471806,0.0010755709,0.0015118029,0.0013925616,0.0010598823,0.0005811382,0.00057696825,0.0004358613,0.0015012859,0.0073759747,0.009141021,0.0092404485,0.008978447,0.0052391845,0.020304333,0.012242879,0.023944154,0.023944154,0.011951336,0.008445367,0.0040489677,0.0022138476,0.0018254451,0.0024592995,0.0014722323
94,Malaysia,MYS,0.008586524,0.035234317,0.44847336,0.85817426,0.86587495,0.86587495,0.59776014,0.08842455,0.08842455,0.0033844444,0.006997265,0.010516257,0.029444015,0.046286523,0.016718267,0.010516257,0.010516257,0.010516257,0.0034218337,0.0034218337,0.0034218337,0.00912449,0.00912449,0.00912449,0.00912449,0.00912449,0.00912449,0.015219214,0.015219214,0.023958696,0.014367736,0.03994771,0.061211694
95,Maldives,MDV,0.00090508646,0.00029295415,0.0003427516,0.0014874331,0.006418909,0.0038975521,0.00066439126,0.0033486614,0.029571341,0.07709988,0.027121652,0.016563782,0.034266684,0.05485561,0.021438187,0.029780952,0.2261058,0.053706363,0.055873524,0.30575207,0.3225724,0.9837351,0.5907546,0.38536608,0.45892704,0.016269485,0.01461887,0.033373624,0.033373624,0.058835927,0.07581188,0.3976385,0.22457778
96,Mali,MLI,0.53207076,0.014417094,0.04398764,0.23010883,0.2889131,0.4133529,0.021785017,0.0019287466,0.006168542,0.04895685,0.02277743,0.0064425725,0.008429833,0.008429833,0.0034878398,0.0024276774,0.0024276774,0.0030065905,0.0048600663,0.0047721434,0.0054073744,0.0061458875,0.0020386404,0.0012904266,0.0010575257,0.007898364,0.059964474,0.020266825,0.007945591,0.008897379,0.06100269,0.9942134,0.9802351
97,Malta,MLT,0.00023195542,0.0009954382,0.0009954382,0.0009954382,0.0009954382,0.0039004267,0.007039309,0.0007972297,0.0007972297,0.0007972297,0.0007972297,0.0007972297,0.0007972297,0.0011009743,0.0011009743,0.0011009743,0.016048262,0.0021825472,0.0015457225,0.0015457225,0.0015457225,0.0012597608,0.0012369857,0.0028153316,0.0015355758,0.00018009977,0.0001006972,4.46041e-05,5.0209757e-05,5.0209757e-05,3.1693526e-05,5.4025455e-05,2.2510449e-05
98,Mauritania,MRT,0.0050588557,0.017140515,0.059361927,0.01114271,0.0106818285,0.037101645,0.004012869,0.0002841948,0.0002838241,0.00043154656,0.0024031536,0.016891941,0.014028054,0.0027175755,0.004382886,0.01870688,0.0006870299,0.0004042747,0.005190922,0.35346776,0.9451875,0.97463685,0.9207659,0.067269996,0.18468165,0.22597258,0.51801395,0.51801395,0.9689501,0.3739873,0.056878082,0.04737381,0.082649104
99,Mauritius,MUS,0.0021910113,0.0017812398,0.0007024217,0.00015191565,0.00013342446,0.00021359835,0.00021359835,0.0049218307,0.009005373,0.009005373,0.005025111,0.003386732,0.003434846,0.0019851064,0.006365796,0.006365796,0.00635682,0.002465002,0.002581033,0.002581033,0.002581033,0.002581033,0.0044593383,0.0044593383,0.0075443983,0.0075443983,0.0075443983,0.0075443983,0.0075443983,0.0075443983,0.0075443983,0.024313267,0.0046603736
100,Mexico,MEX,0.0069827447,0.28169823,0.011689114,0.0030780127,0.005265618,0.009843478,0.19872408,0.19052806,0.0068965545,0.01809659,0.03263125,0.00463795,0.07171911,0.44428673,0.7372687,0.60576874,0.7465364,0.15142938,0.0022860472,0.003907569,0.029602174,0.021770136,0.089045696,0.014178211,0.021319872,0.01594291,0.014191093,0.009281548,0.08512667,0.06972325,0.51415074,0.22673887,0.35537016
101,Moldova,MDA,0.0009905183,0.0037470507,0.92987585,0.92987585,0.92987585,0.24478205,0.1295133,0.0010540732,0.00097250036,0.00078289025,0.0019929525,0.025636364,0.019436825,0.060910318,0.022885056,0.011423658,0.052934386,0.04946891,0.062362466,0.4435047,0.41666722,0.037423354,0.030477533,0.027121775,0.015126784,0.0101204375,0.015009862,0.011872113,0.007996508,0.026673488,0.041292585,0.27744985,0.066962145
102,Monaco,MCO,0.0006343633,0.00014660886,0.00016761885,0.00019626852,0.0025274698,0.0070367996,0.0070367996,0.010203982,0.0074647693,0.00066308497,0.00066308497,0.0002854918,0.00028154,0.0002553753,0.00024666873,0.00079957297,0.0013537671,0.00024395935,3.679125e-05,3.679125e-05,0.00024666873,0.00024666873,0.00016637112,0.004208506,0.0013687831,9.8649776e-05,9.8649776e-05,9.8649776e-05,9.8649776e-05,0.00023673545,0.00023673545,0.005436531,0.0070183226
103,Mongolia,MNG,0.76646245,0.0783938,0.13117251,0.0017316492,0.00043437118,6.151917e-05,6.1421975e-05,0.00014065101,0.00026875356,3.053404e-05,4.129328e-05,0.00011667065,0.00011667065,0.0004192526,0.00025605207,0.00035215027,0.00013155022,6.530776e-05,0.0017357416,0.0028132696,0.000533719,0.0012413309,0.00084316917,0.0028971168,0.0032215165,0.1717447,0.0077791377,0.02291782,0.06853655,0.11597237,0.27612653,0.1210027,0.1210027
104,Montenegro,MNE,0.0010459481,0.0023583386,0.0002466184,0.0002466184,0.0002466184,0.00032932564,0.00041719226,0.00041719226,0.00037842552,0.0013819252,0.047731623,0.03373673,0.016742693,0.0076515563,0.006743856,0.037440054,0.1251317,0.012745818,0.017032323,0.014486905,0.012745818,0.0043956595,0.016916959,0.08159593,0.036670223,0.024244944,0.021912994,0.027792523,0.0030954343,0.0036872432,0.0001234187,0.0060606925,0.0020296036
105,Morocco,MAR,0.0003853736,0.0077356626,0.004055857,0.00042475422,0.0022952775,0.00020363639,0.0017758233,0.004802826,0.004802826,0.036390338,0.028466888,0.024465254,0.071555935,0.12481015,0.87344074,0.73499984,0.7394963,0.25949538,0.03916877,0.017297113,0.009463137,0.011231886,0.058064897,0.040351864,0.15054722,0.16137211,0.12671861,0.34603316,0.37464958,0.8428005,0.8428005,0.8818807,0.7432754
106,Mozambique,MOZ,0.38200122,0.47665027,0.50306475,0.25448674,0.36736062,0.79606813,0.8312119,0.026092494,0.18626799,0.19059353,0.19059353,0.14693397,0.23021209,0.1144213,0.040487096,0.11002306,0.06484543,0.074480236,0.16729702,0.15158749,0.047352467,0.06075838,0.43358472,0.11320684,0.3282872,0.14877881,0.15354289,0.9708553,0.5097452,0.54183906,0.36833975,0.30102223,0.19772011
107,Namibia,NAM,0.00423989,0.02166954,0.0012786168,0.00015627967,0.0003513282,0.0003513282,0.0003533926,0.0008852265,0.0014133616,0.0003681677,0.0005384022,0.00093854073,0.00088970264,0.00093854073,0.00093854073,0.002753936,0.0017149696,0.00057799864,0.00062453427,0.0012677859,0.00047618532,0.0005781058,0.000577691,0.0003320622,0.00040565734,0.00025651293,0.00025651293,0.00017787024,0.00014440808,0.00041652587,0.0009038545,0.0074346894,0.0074346894
108,Nepal,NPL,0.9188538,0.38886052,0.6084042,0.8469686,0.47776982,0.82280606,0.8727327,0.0032903028,0.024487212,0.0091448445,0.004170789,0.030112395,0.021073291,0.012877603,0.25609928,0.6643817,0.16670068,0.028240288,0.028464919,0.025365492,0.11120333,0.11120333,0.23485184,0.71728987,0.71728987,0.08563502,0.052722953,0.03541319,0.024610797,0.024610797,0.031560577,0.026504397,0.037732515
109,Netherlands,NLD,2.4228439e-05,3.585993e-05,3.585993e-05,3.585993e-05,4.8008194e-05,4.7485395e-05,7.0407725e-05,4.7485395e-05,3.0303883e-05,2.2635475e-05,1.0616529e-05,1.0616529e-05,1.0616529e-05,2.2635475e-05,7.9690864e-05,0.000702731,0.0015793707,0.00044254697,7.9690864e-05,8.077576e-05,0.001688768,0.001688768,0.005188888,0.005188888,0.005188888,0.002163632,0.002163632,0.002163632,0.000702731,0.0002612837,7.9690864e-05,0.002163632,0.000702731
110,New Zealand,NZL,0.19775303,0.07452727,0.12862077,0.115365446,0.10822252,0.0016931372,0.0009142003,0.00033863448,0.0014945989,0.0023840398,0.0018890199,0.008841494,0.008841494,0.005051431,0.0032205153,0.004070451,0.0054526976,0.004574025,0.0059543084,0.010796675,0.025251266,0.0739685,0.0739685,0.0739685,0.009149746,0.0038754996,0.002545237,0.0016911228,0.0016911228,0.0015257333,0.0015257333,0.002705178,0.002705178
111,Nicaragua,NIC,0.0043835477,0.0031694241,0.0029195785,0.0018801606,0.008939831,0.021430891,0.023982707,0.0004159067,0.0003389901,0.00038863253,0.0007791745,0.0019165812,0.0025398713,0.0007692083,0.002142032,0.0042709815,0.0057970057,0.0030697319,0.0018065529,0.0022970878,0.00067247427,0.0011523914,0.0021402612,0.005782979,0.0040548537,0.0036009895,0.07096023,0.22668776,0.19130367,0.6233015,0.96834093,0.94003373,0.92540383
112,Niger,NIC,0.0069555338,0.0029784671,0.00403562,0.01419306,0.016914224,0.054684356,0.117768645,0.0010103278,0.0012398007,0.0004954632,0.00013738502,0.00033180363,0.00061565434,0.0015839912,0.00090290635,0.0016536044,0.00432227,0.0046293577,0.8687514,0.7414016,0.7217533,0.45233098,0.24724662,0.22123615,0.18547732,0.039234173,0.08552547,0.088355675,0.13218996,0.08467051,0.08467051,0.095288344,0.07875336
113,Nigeria,NER,0.004685528,0.004622367,0.0013185554,0.0011742209,0.001841609,0.009139195,0.009715723,0.14517368,0.14517368,0.04214646,0.04199056,0.03480182,0.0026848707,0.008115062,0.0070168106,0.013344608,0.0359461,0.31909403,0.6476393,0.6486111,0.71808934,0.6795231,0.63719094,0.65651023,0.75491554,0.600491,0.8208996,0.9152684,0.9712276,0.9823137,0.98398376,0.9952238,0.9858871
114,North Korea,NIU,0.0808007,0.38480613,0.38480613,0.38480613,0.38480613,0.43431985,0.43431985,0.019719936,0.021238107,0.021253616,0.016769499,0.018675469,0.0111668,0.007955045,0.0059518474,0.0068541276,0.0014693323,0.0068541276,0.029050225,0.029050225,0.01855674,0.01855674,0.01855674,0.017888429,0.017888429,0.007954703,0.005712279,0.0056237252,0.011328367,0.009261825,0.0019892657,0.0017674395,0.0024049012
115,North Macedonia,NIU,0.026061114,0.0015069527,0.18536055,0.0626701,0.0031956483,0.00072293624,0.00072293624,0.0011130468,0.007841727,0.04316202,0.15480058,0.003741837,0.0847104,0.08292459,0.09878233,0.10747853,0.1990561,0.01828365,0.03133434,0.027828513,0.023773463,0.0014484588,0.00245567,0.010519076,0.010519076,0.042383175,0.042383175,0.0063353814,0.0025849778,0.017195249,0.14179848,0.32988217,0.4350633
116,Norway,NOR,0.0030756579,0.01662079,0.004177798,0.0024703848,0.00075461925,0.00024271625,0.00024271625,0.000113852715,0.000113852715,0.00019106113,0.00017495557,0.0003002506,0.0004019312,0.0005469611,0.0036936216,0.0011292397,0.0042954846,0.0015123204,0.0012605782,0.0005303985,0.006587911,0.00900828,0.018432103,0.021162527,0.021268766,0.009731444,0.010955226,0.010955226,0.012064426,0.012064426,0.012064426,0.045909185,0.0041013
117,Oman,OMN,0.0010201484,0.002488296,0.0005925292,0.0009789364,0.0009789364,0.0009789364,0.0014559625,0.0003902231,0.0003902231,0.0008474332,0.0011370486,0.0011370486,0.0033077754,0.010024254,0.017504176,0.017504176,0.034216724,0.031168494,0.0061213193,0.00067617145,0.00067617145,0.00067617145,0.00067617145,0.0008295737,0.0011686094,0.0015849393,0.0012797633,0.0011375708,0.0015552294,0.0028302127,0.0017697251,0.009175468,0.009175468
118,Pakistan,PAK,0.18620577,0.004950038,0.004950038,0.009209322,0.015097559,0.0069996873,0.018338272,0.0036365017,0.0030632874,0.017017514,0.013883532,0.11331285,0.07155667,0.04205159,0.017532047,0.008670058,0.72152066,0.7700547,0.98432946,0.8755248,0.8933336,0.71322423,0.7469432,0.74795216,0.719756,0.6966218,0.48600176,0.48600176,0.036100507,0.02137784,0.010195408,0.008044485,0.007921713
119,Palestine,PSE,0.0008386168,0.08055017,0.15274741,0.15274741,0.15979886,0.044865903,0.14445512,0.03815951,0.0034386807,0.0042960458,0.00786449,0.0062146275,0.011806421,0.09173751,0.1669199,0.19302888,0.014654583,0.014547886,0.023722205,0.023722205,0.016364802,0.11788473,0.09781693,0.10945216,0.050081365,0.016955297,0.0323758,0.05434146,0.049044963,0.0995362,0.09652174,0.7213275,0.105072044
120,Panama,PAN,0.044837404,0.02540492,0.0007860408,0.00059945957,0.00051596505,7.833093e-05,0.00029414415,0.0004635321,0.0004635321,0.0004635321,0.0011608917,0.24908793,0.17761904,0.15417634,0.026165258,0.029406242,0.026136745,0.043978967,0.04137827,0.2722325,0.026431242,0.026431242,0.02328855,0.014674337,0.014674337,0.014674337,0.014674337,0.00979323,0.00979323,0.0071564703,0.023549376,0.24949501,0.19518653
121,Papua New Guinea,PNG,0.00075606856,0.00053734676,0.0005334909,0.0010101618,0.0009291782,0.004214675,0.0037456236,0.0016435416,0.00026130964,0.0019854314,0.0002754411,0.00035924194,0.00026650762,0.0010156042,0.0136356875,0.01099029,0.023766678,0.003386473,0.22558065,0.22558065,0.083463624,0.13380246,0.2483879,0.08693478,0.27807757,0.17213868,0.07788809,0.08565517,0.03408211,0.00867166,0.009751541,0.055277638,0.043416515
122,Paraguay,PRY,0.023771435,0.00792982,0.008621146,0.004172667,0.0041960287,0.004687928,0.0008156403,0.0012852007,0.0020479127,0.0069409613,0.033777077,0.8635622,0.9268981,0.8364538,0.91333646,0.9335828,0.92111063,0.76614946,0.2816945,0.03909961,0.12387901,0.027466958,0.027466958,0.014389475,0.020116825,0.008615161,0.0067914655,0.00318734,0.0010270546,0.0002504493,0.00085908227,0.0016369085,0.011960924
123,Peru,PER,0.011420799,0.0172517,0.00820582,0.023374002,0.066365555,0.10769067,0.1255663,0.0056706527,0.005964992,0.0008748498,0.014060321,0.58241045,0.009441818,0.0033915108,0.012492552,0.039864924,0.01568098,0.0046301554,0.004178353,0.013793865,0.023889026,0.018763626,0.04707791,0.024614397,0.01152816,0.09848003,0.09750419,0.04514706,0.10052009,0.097959824,0.12693483,0.8338163,0.83920926
124,Philippines,PHL,0.01251172,0.006025629,0.017614767,0.0040403237,0.011887797,0.013736034,0.00778378,0.0066798725,0.008934906,0.34300464,0.7119553,0.9605828,0.7410622,0.57567006,0.24179937,0.048016954,0.5686068,0.27541995,0.37942734,0.2656764,0.10340623,0.0064151785,0.006942079,0.0036987998,0.0035492512,0.014418502,0.05171222,0.19837193,0.04698795,0.13444573,0.12083723,0.0261831,0.0060279486
125,Poland,POL,0.014623481,0.0036061516,0.057112277,0.035419177,0.2318268,0.44700202,0.032531608,5.1192386e-05,6.0441063e-05,5.4883723e-05,0.000117581796,0.00020405193,0.00029149372,0.00090955803,0.003104389,0.0154507,0.022336263,0.041635852,0.02717803,0.015455157,0.008327973,0.0011718767,0.00083466305,0.00039547074,0.0005293808,0.00017345729,0.00017345729,0.00019430967,0.00011060179,1.734469e-05,1.734469e-05,4.9508166e-05,3.6980284e-05
126,Portugal,PRT,0.0006690316,0.00087940553,0.00087940553,0.0020329151,0.003185703,0.097478464,0.4198529,0.07531553,0.08126837,0.0038631984,0.0022799985,0.0022799985,0.0021705767,0.0024809144,0.029561784,0.049072392,0.11748735,0.11748735,0.06948396,0.028131202,0.06948396,0.06948396,0.036324594,0.033134896,0.019313883,0.010225826,0.011400929,0.012525526,0.00409692,0.0027841826,0.0008754656,0.014373983,0.014373983
127,Puerto Rico,PRI,0.011126886,0.13761342,0.17602843,0.032816403,0.13961428,0.037142806,0.007603084,0.0019167025,0.0019167025,0.00022042259,0.00016023642,0.00016023642,0.0001033485,0.0010124197,0.0028844953,0.0004048937,0.00070641027,0.018102786,0.018102786,0.018102786,0.018102786,0.01611418,0.01611418,0.01611418,0.01611418,0.014638165,0.014638165,0.0071534184,0.0071534184,0.0071534184,0.0071534184,0.008571887,0.008571887
128,Qatar,QAT,0.77567697,0.9697313,0.9274427,0.9415071,0.6790621,0.86722827,0.81669545,0.1681886,0.1681886,0.026960596,0.016488949,0.016488949,0.0024917747,0.01282582,0.0019926622,0.011934805,0.011934805,0.011934805,0.011934805,0.011934805,0.011934805,0.011934805,0.011934805,0.011934805,0.011934805,0.011934805,0.011934805,0.0019926622,0.0030182365,0.0043909648,0.0046451627,0.014185604,0.014185604
129,Republic of the Congo,COG,0.007063738,0.039976962,0.037570186,0.08372742,0.0042054676,0.003945011,0.0012221157,0.13334161,0.33186722,0.058518216,0.055187188,0.046765167,0.021725306,0.012530321,0.015022374,0.011503013,0.011503013,0.026800854,0.034979146,0.025962131,0.2237678,0.2711558,0.3027754,0.0203468,0.027500663,0.042726975,0.028673679,0.002224864,0.047248296,0.025920196,0.04778166,0.17561488,0.13658647
130,Romania,ROU,0.0014590353,0.99511045,0.7427078,0.92388594,0.74950975,0.83523214,0.077485286,0.002474276,0.0014620487,0.00523826,0.018750442,0.005969656,0.07149757,0.030916328,0.011770342,0.0036642293,0.0030363018,0.008002275,0.114427164,0.4912328,0.45887312,0.4873223,0.94742006,0.48399192,0.4527849,0.22831954,0.056752812,0.39697063,0.025474677,0.018272141,0.018272141,0.072433844,0.0072984165
131,Russia,RUS,0.004588141,0.8928614,0.23365138,0.5008616,0.17124556,0.12118717,0.12118717,0.039599016,0.05227459,0.06871142,0.18062769,0.2618764,0.022638397,0.010337265,0.009151998,0.03104241,0.03104241,0.060677554,0.017626893,0.012875094,0.011415885,0.069991395,0.4703994,0.33649522,0.33649522,0.014691825,0.69997656,0.98008245,0.9840094,0.9859678,0.995666,0.9992551,0.99929035
132,Rwanda,RWA,0.5088262,0.033912715,0.028242925,0.04970499,0.05015275,0.60157233,0.020733695,0.3992524,0.56875384,0.79650825,0.9294291,0.79650825,0.9294291,0.8171352,0.5220283,0.6286456,0.8163386,0.44761035,0.39035323,0.2969041,0.08036811,0.09085121,0.06136989,0.024889933,0.010170445,0.0065587414,0.019410806,0.046258334,0.061752982,0.029342012,0.04144357,0.053288758,0.10347369
133,Saint Lucia,LCA,0.00738991,0.004908214,0.0011539124,0.002371727,0.004506142,0.002558313,0.004362063,0.0016249919,0.0028910558,0.00083351537,0.00069668726,0.002836197,0.025234295,0.035724614,0.030691814,0.025182616,0.010013103,0.0023671,0.010145911,0.009641339,0.028726697,0.018004939,0.008369013,0.003677948,0.002359013,0.008968889,0.0031558839,0.010372811,0.009269769,0.0031106758,0.0031106758,0.009269769,0.009463021
134,Samoa,WSM,0.059168305,0.95772237,0.91391057,0.9037871,0.3791333,0.42518184,0.52555054,0.01287724,0.0102193225,0.006106304,0.00980358,0.007991203,0.015471831,0.0014635079,0.0022367768,0.0022367768,0.0029561312,0.0029561312,0.0033289902,0.015833141,0.039359916,0.080921635,0.07261564,0.11885507,0.12647034,0.12647034,0.14719076,0.101252966,0.02441394,0.016459882,0.006938385,0.04754133,0.0650044
135,Saudi Arabia,SAU,0.3723574,0.9443436,0.8564683,0.9505451,0.81146365,0.64104354,0.7919984,0.91669476,0.7781635,0.849171,0.97175026,0.9177364,0.97175026,0.97175026,0.5162512,0.25375918,0.26239362,0.35334378,0.65953445,0.47179052,0.7591604,0.46361473,0.23242274,0.23242274,0.32538822,0.067850344,0.05074788,0.50187707,0.6854692,0.67398304,0.8865545,0.9948649,0.99648273
136,Senegal,SEN,0.838279,0.036374133,0.01039205,0.030083893,0.016175743,0.12230508,0.058259893,0.041898604,0.010816923,0.010111604,0.012325967,0.012325967,0.010810058,0.010810058,0.007936691,0.005724178,0.0036855426,0.0010777639,0.0022699644,0.0018587648,0.0015528167,0.0047250763,0.0022479456,0.003791854,0.0040408075,0.024542922,0.289192,0.6208732,0.29475746,0.6208732,0.6208732,0.32520834,0.06442954
137,Serbia,SRB,0.0130251665,0.017834576,0.055741366,0.055741366,0.055741366,0.07743157,0.063467875,0.8700184,0.92725724,0.9504987,0.9560613,0.90733975,0.94963527,0.94963527,0.94542557,0.15910922,0.1435683,0.096818715,0.015638188,0.010124704,0.10848546,0.50775707,0.47561347,0.7062704,0.8313741,0.71146065,0.25453776,0.6039707,0.17685287,0.107236065,0.02085131,0.025672836,0.028854633
138,Seychelles,SYC,0.71550053,0.6804521,0.64623827,0.31055945,0.0055405297,0.0020434707,0.01188058,0.0023925195,0.000820817,0.0005766194,0.00043183338,0.00061000395,0.00049232127,0.0054224823,0.005358005,0.14013259,0.18209067,0.07744954,0.00634183,0.012195218,0.012195218,0.00044941631,0.00043183213,0.002988667,0.0007368915,0.0007368915,0.0007368915,0.000807342,0.000807342,0.000173687,0.00010665613,0.0025640444,0.0040590293
139,Sierra Leone,SLE,0.00840149,0.012298092,0.008217967,0.004008648,0.0034818188,0.0029512136,0.0030227725,0.00021862797,0.00022803874,0.0043512746,0.037361283,0.85800636,0.7915883,0.09687337,0.08953947,0.28552166,0.0046499497,0.04816935,0.056489933,0.36588147,0.13339695,0.09000434,0.40043914,0.39316338,0.48607045,0.4362545,0.08229702,0.07282282,0.01640471,0.026722843,0.052694082,0.0043551396,0.0026321283
140,Singapore,SGP,0.004561454,0.007921088,0.007921088,0.012523008,0.0019101631,0.0058889915,0.0058889915,0.0058889915,0.0058889915,0.0009938101,0.0013479501,0.0013479501,0.0015762931,0.004486348,0.0015762931,0.0015762931,0.0015762931,0.0015762931,0.0015762931,0.0015762931,0.0012727797,0.0012727797,0.0009674099,0.0009674099,0.0009674099,0.0002821204,0.00020064284,0.00020064284,0.00020064284,0.00042769787,0.00057251385,0.0018470823,0.00077904755
141,Slovakia,SVK,0.0014183187,0.008710141,0.009274329,0.001582767,0.001955868,8.350432e-05,0.00018471321,6.3216244e-06,6.3216244e-06,3.954205e-05,3.5165758e-05,2.04749e-05,0.000505961,0.0007147194,0.006939647,0.007233812,0.000987194,0.0005283668,0.0004430974,3.3130902e-05,3.3130902e-05,3.3130902e-05,3.8362155e-05,0.007262403,0.0410498,3.125066e-05,4.896894e-05,7.2607494e-05,0.00022055084,0.00016474829,0.00064638595,0.007271113,0.0043231403
142,Slovenia,SVN,0.0014183187,0.0031341743,0.014027895,0.0025725414,0.0030274119,0.0033663516,0.00014063063,1.5962249e-05,8.226668e-06,1.3876897e-05,8.484344e-06,2.2724802e-05,1.9055851e-05,3.2338892e-05,0.00016069699,0.00010364576,9.517248e-05,4.4639764e-05,4.4639764e-05,3.8552567e-05,0.00019963984,0.0005299175,0.0027618113,0.0033123612,0.0028288027,0.0015003134,0.0015003134,0.0015003134,0.00011502383,3.6980284e-05,3.6980284e-05,0.00011502383,2.3342718e-05
143,Somalia,SOM,0.77268034,0.83779913,0.83779913,0.836,0.79944384,0.6811587,0.11561662,0.7721253,0.7721253,0.51280636,0.51280636,0.04264251,0.04355578,0.033817556,0.09709838,0.41529667,0.9402806,0.90290636,0.7460237,0.9721886,0.7113512,0.5857085,0.56941646,0.9795019,0.71811175,0.71811175,0.63915616,0.63915616,0.63915616,0.63915616,0.517849,0.56689334,0.39207143
144,South Africa,ZAF,0.19592598,0.26360455,0.34510925,0.36362842,0.36362842,0.056057412,0.15149134,0.009235691,0.0018155479,0.0018265609,0.002859264,0.0044629765,0.010308787,0.0057468507,0.0008484275,0.0057434025,0.0036198534,0.0029780623,0.0037601495,0.0037572035,0.005309437,0.007270191,0.007421225,0.14194515,0.5925165,0.13493836,0.56837845,0.56837845,0.9483408,0.94048005,0.90766054,0.98339385,0.978319
145,South Korea,ZAF,0.22164373,0.104783215,0.16899203,0.027709078,0.002900426,0.021078037,0.013180965,0.0001718979,7.571622e-05,0.00010491709,0.0005559577,0.0001606792,0.00022878769,0.00022878769,0.0016476207,0.0014655294,0.0010296308,0.0005777882,0.00043849283,0.00047974658,0.0010223225,0.0015034226,0.00036979705,0.00078812207,0.00020089476,0.00015411792,0.00026893683,0.00026893683,0.00070564897,0.00070564897,0.00070564897,0.0022934983,0.0016380372
146,Spain,ESP,0.0013005108,0.00030018104,0.0005109549,0.0008851906,0.02306063,0.04483867,0.02282285,0.06291162,0.07007852,0.0056752954,0.004245228,0.0017239131,0.001994013,0.001994013,0.0032572746,0.0040273317,0.005352892,0.0038296592,0.0025464867,0.0027369356,0.15755765,0.68182296,0.5695952,0.50423133,0.45938554,0.771136,0.25099117,0.10074642,0.02099782,0.00054344017,0.00054344017,0.36618942,0.6334456
147,Sri Lanka,LKA,0.0006392575,0.00038660204,0.00058639335,0.00071631774,0.0017056388,0.00043257332,0.00043119947,0.0006738173,0.0006738173,0.00075492676,0.001095332,0.0010156053,0.0013972797,0.0033665693,0.0027327156,0.004998081,0.0013566163,0.0121949725,0.060680956,0.061983846,0.098714516,0.29910928,0.040981304,0.03554519,0.028237712,0.044421785,0.027576074,0.05138961,0.010040891,0.005140216,0.0086922,0.115164,0.15300527
148,Sudan,SDN,0.2980032,0.054196723,0.03998455,0.12472135,0.12277496,0.09698342,0.12277496,0.4559929,0.4559929,0.6772671,0.5654867,0.70273477,0.9562372,0.98239946,0.46734536,0.39360613,0.46734536,0.82348365,0.94614714,0.894784,0.9114945,0.9165602,0.8301032,0.7899641,0.76251876,0.6264828,0.6898336,0.6736988,0.84592646,0.8229712,0.9681782,0.92700016,0.8816236
149,Suriname,SUR,0.001192179,0.14691284,0.14269485,0.3120009,0.29157233,0.5483991,0.8877356,0.38926464,0.38926464,0.0107879,0.22401331,0.43188474,0.05108968,0.43188474,0.033217512,0.0060859937,0.0014744399,0.0027674735,0.0174987,0.009847234,0.015401303,0.0067466027,0.001750355,0.001750355,0.0022415847,0.0010949993,0.0037402587,0.41736194,0.028516954,0.0055362093,0.007933785,0.008604476,0.01145799
150,Swaziland,SWZ,0.0037542738,0.01173378,0.009873113,0.03031378,0.025306523,0.025306523,0.013622014,0.00017255131,0.00024884383,0.00014794071,0.00042131738,0.00035269538,0.00087364065,0.0029404126,0.001792393,0.0011205374,0.0017101299,0.00028313682,0.0005061296,0.00060352153,0.0012139799,0.0012139799,0.00048780645,0.0001545712,0.00022165169,0.0006570914,0.0057897605,0.0035011352,0.008729418,0.006246011,0.015280561,0.020827603,0.037315562
151,Sweden,SWE,0.00455415,0.007977094,0.023705268,0.11537571,0.13055661,0.089258984,0.0430924,0.0430924,0.004254231,0.00024271625,0.000117508935,0.000103664344,0.000103664344,0.000103664344,0.00013877977,0.00013877977,0.00015391466,0.000103664344,0.000103664344,3.125066e-05,0.0012422546,0.00040322336,0.00040322336,0.0012422546,0.005493793,0.00037513234,0.0012291261,0.0013909704,0.00042457585,0.0002709895,7.9690864e-05,0.0013632916,0.000702731
152,Switzerland,CHE,0.00014473315,0.00073735334,0.0010032931,0.003675859,0.0062112506,0.0045821387,0.0045821387,0.0045821387,0.0045821387,0.001490683,0.001490683,9.6097196e-05,9.6097196e-05,0.00031506392,0.0005336173,0.0005336173,0.0005336173,0.00031506392,0.00016983191,0.0001268606,0.00023113197,0.00023113197,0.0007575571,0.0014139351,0.00434692,0.00083513046,0.0014139351,0.0014139351,0.00083513046,0.00074230373,0.00074230373,0.0035072127,0.0012826669
153,Syria,SYR,0.23378024,0.05655467,0.002194237,0.0034655703,0.0033555226,0.003949494,0.012290681,0.0313442,0.0049159215,0.0062361863,0.030303815,0.012172687,0.27231002,0.06979395,0.037915163,0.0021588176,0.0011801072,0.0040092953,0.16745995,0.20884511,0.20785032,0.22659004,0.30512154,0.4499598,0.12202557,0.014834917,0.001798947,0.011601757,0.034589216,0.02003209,0.02003209,0.02003209,0.06903765
154,Tajikistan,TJK,0.0049518403,0.45059296,0.7912141,0.9943771,0.10138006,0.29259127,0.02152789,0.28204617,0.17979008,0.6644547,0.8669214,0.9673874,0.89312047,0.9239813,0.79863554,0.79863554,0.32367966,0.14058925,0.14771819,0.25209874,0.43687654,0.6088871,0.24758893,0.48205337,0.6664717,0.6937351,0.08693263,0.08401993,0.07516497,0.00926762,0.01281687,0.01281687,0.01281687
155,Tanzania,TZA,0.009541366,0.27573976,0.15819182,0.59333533,0.077031,0.010330561,0.34023246,0.015661318,0.0164431,0.02083039,0.0060246415,0.010602534,0.056754947,0.5610366,0.79128486,0.8144664,0.78237915,0.7615379,0.8110936,0.1324154,0.16427583,0.11213848,0.25717127,0.201482,0.09420166,0.13286734,0.04673079,0.007319836,0.004600914,0.01664842,0.01733801,0.064464554,0.011261899
156,Thailand,THA,0.4126241,0.8974866,0.34437644,0.3442133,0.06641519,0.05886338,0.004444521,0.0056097624,0.032981664,0.02396455,0.003240131,0.05797551,0.0381765,0.031917885,0.018064218,0.030431252,0.29763263,0.23735924,0.35466427,0.6341518,0.724661,0.7360222,0.7501075,0.6571685,0.91263515,0.9187224,0.9655308,0.96074265,0.9841706,0.9880846,0.98558676,0.94277316,0.91205406
157,Togo,TGO,0.011375927,0.004670218,0.00449323,0.018818961,0.014582201,0.010818842,0.018724816,0.0017237252,0.0010240215,0.0070803897,0.0059762867,0.0021884493,0.0017714899,0.019856755,0.05827713,0.107857764,0.26935342,0.26793778,0.2150558,0.42056912,0.080224946,0.09496476,0.049413763,0.05724436,0.019807454,0.019807454,0.026508378,0.015257094,0.00096709287,0.003130559,0.0039766226,0.0010858817,0.0003338601
158,Tonga,TON,0.00019925817,0.0006141646,0.0005359322,0.000547787,0.0035435269,0.00030488148,0.0006371281,0.0010111362,0.0013406817,0.0010066292,0.0013406817,0.031774,0.007354723,0.004813872,0.0043757777,0.017594462,0.016864376,0.04244163,0.0381042,0.031036094,0.03903866,0.026654107,0.015335266,0.006874562,0.0044031637,0.029858366,0.010344635,0.0786504,0.0027180365,0.004093546,0.002220539,0.002220539,0.062183354
159,Trinidad and Tobago,TTO,0.018319393,0.014162263,0.010887919,0.013418467,0.0014010392,0.001990955,0.0005549481,0.0006333635,0.0013756303,0.0013756303,0.0019263331,0.0015180085,0.00035397694,0.00023509837,0.0002803518,0.00051641156,0.004540994,0.001484092,0.0014587534,0.0002989441,0.03720912,0.03720912,0.24939303,0.27591038,0.3853524,0.20309609,0.20309609,0.20309609,0.10990137,0.044779483,0.022230625,0.021582367,0.021582367
160,Tunisia,TUN,0.08557603,0.1480393,0.05081643,0.0116406325,0.0026619884,0.32129392,0.37514693,0.028885502,0.018274486,0.0069412338,0.0024725925,0.01071721,0.05521069,0.062202197,0.10666442,0.87644804,0.7240238,0.8660233,0.91364324,0.91364324,0.96390146,0.9625765,0.9812321,0.5807567,0.17666703,0.07338641,0.3095945,0.17264766,0.22242236,0.7019444,0.26901048,0.96916133,0.94649124
161,Turkey,TUR,0.010621018,0.010621018,0.0863408,0.25220186,0.07327405,0.0117021715,0.007399504,0.18095323,0.006293068,0.031746373,0.01932145,0.006611283,0.63753086,0.53062755,0.19443408,0.0063353125,0.050067216,0.07471409,0.8767324,0.7798787,0.80331385,0.8153138,0.20452894,0.48206434,0.05552933,0.0046711997,0.009883984,0.024831664,0.043581843,0.029404685,0.041857265,0.20763803,0.0879623
162,Turkmenistan,TKM,0.0071824696,0.00023406865,0.109699,0.0033615653,0.037633978,0.019543353,0.0030913476,0.00016462345,0.0017193869,0.0011121167,0.004907871,0.023513403,0.01701563,0.006803996,0.06573208,0.03898315,0.06557651,0.096406,0.07652809,0.24511506,0.12187073,0.073477075,0.028037185,0.013750557,0.014153499,0.040048495,0.24734104,0.3560278,0.35199755,0.023538796,0.079169385,0.017513037,0.18864693
163,Uganda,UGA,0.17853552,0.35311678,0.10981394,0.2854803,0.04807911,0.15666527,0.16124488,0.008365753,0.03842025,0.08962827,0.10502118,0.08962827,0.629443,0.76128924,0.6417882,0.37571302,0.13453135,0.20715809,0.560052,0.73177797,0.8015207,0.8522052,0.7210142,0.85666454,0.50564474,0.3262696,0.29817292,0.21362914,0.17429276,0.2124198,0.2124198,0.2626165,0.07933492
164,Ukraine,UKR,0.004977636,0.42441538,0.14285122,0.18436204,0.9329021,0.91112167,0.9233686,0.010367321,0.0073172967,0.048386414,0.07637507,0.15151961,0.45705318,0.0036253454,0.0015494551,0.002212343,0.0025090792,0.008157807,0.00063203933,0.0006183889,0.18033385,0.17927125,0.33406168,0.15795335,0.46184677,0.5354224,0.34547818,0.21123882,0.12973216,0.06161492,0.06787868,0.03072923,0.026422925
165,United Arab Emirates,ARE,0.20785235,0.176628,0.2674242,0.2674242,0.19365187,0.27671877,0.16883172,0.023372801,0.021269344,0.027042348,0.019803528,0.019803528,0.00082067895,0.001243814,0.0010262624,0.0010262624,0.0010262624,0.0010262624,0.0010262624,0.0010262624,0.002081026,0.0028302127,0.0017697251,0.0017697251,0.0028302127,0.001417875,0.0019926622,0.001417875,0.001417875,0.0039609815,0.0039609815,0.011588844,0.011588844
166,United Kingdom,GBR,0.0005801384,0.00097052974,0.0011094819,0.0141341705,0.042334672,0.07002842,0.023839427,0.004376831,0.0014112352,0.0014112352,0.0018884409,0.0014112352,0.00084424566,0.000965135,0.000965135,0.000965135,0.002239619,0.0015115422,0.0015115422,0.0073071076,0.049217664,0.049217664,0.041353732,0.07352872,0.07352872,0.014966461,0.014966461,0.0030674182,0.0030674182,0.0030674182,0.071758956,0.3620041,0.3620041
167,Uruguay,URY,0.00040615085,0.00017060741,0.00020700568,0.014785206,0.014785206,0.022890197,0.013697031,0.0011896652,0.0022770956,0.0022770956,0.004657453,0.0054897456,0.06540669,0.03151009,0.03669919,0.030431077,0.058301345,0.09745183,0.010062989,0.030903054,0.037152585,0.037152585,0.034216147,0.010647256,0.011659838,0.011659838,0.022889573,0.043632746,0.048548408,0.036284454,0.064494945,0.04948143,0.04948143
168,USA,URY,0.0037253208,0.001611533,0.0020426025,0.0023851309,0.0039398884,0.0039398884,0.003181844,0.0051106373,0.0051106373,0.006223731,0.0038143978,0.0042562415,0.008576557,0.018152487,0.016505668,0.012217941,0.011472468,0.008874413,0.02108464,0.00852004,0.091296874,0.12187529,0.12187529,0.09485886,0.07632247,0.022651115,0.019783536,0.008320388,0.010529424,0.0021503342,0.0012769683,0.024575956,0.052354697
169,Uzbekistan,UZB,0.0088451225,0.0737821,0.7670567,0.81549704,0.108123526,0.19579437,0.13537034,0.08555047,0.25894418,0.19041051,0.115690075,0.11007451,0.048442956,0.056806393,0.34647992,0.7046335,0.8891934,0.9424592,0.066576585,0.107018866,0.23215368,0.15846112,0.5216898,0.4254407,0.12739637,0.18652718,0.17112707,0.1255941,0.1255941,0.09308606,0.14719902,0.5680678,0.9669873
170,Venezuela,VEN,0.38646024,0.19016406,0.15312144,0.41281176,0.4740956,0.027320057,0.04773717,0.29132342,0.29132342,0.37402773,0.41837767,0.5813043,0.4076509,0.74019563,0.035436373,0.14191566,0.020921197,0.004210285,0.0047206604,0.21728434,0.20098402,0.65078366,0.68317616,0.88329226,0.9775774,0.98551995,0.83208686,0.39656997,0.3332135,0.18720452,0.06283659,0.08003993,0.0764046
171,Vietnam,VNM,0.012539463,0.42322478,0.42322478,0.4183006,0.37234277,0.37234277,0.2981744,0.0062747826,0.25806472,0.04569828,0.110412285,0.1293157,0.03287823,0.03287823,0.0058685783,0.0082031535,0.008429833,0.008429833,0.0041281376,0.026479598,0.043752484,0.015936157,0.009703741,0.009703741,0.014371112,0.14822486,0.5311846,0.9828538,0.98046756,0.98046756,0.975629,0.7486678,0.6847068
172,Yemen,YEM,0.1969348,0.43552804,0.798836,0.5187847,0.860467,0.92128927,0.93052834,0.19874416,0.124348804,0.17029668,0.18542579,0.1683581,0.19065687,0.03838137,0.009325864,0.39783913,0.3791879,0.3791879,0.62537336,0.84200984,0.96969414,0.97724736,0.99731785,0.990312,0.99504423,0.99699306,0.4779788,0.46650496,0.199168,0.045944434,0.045944434,0.026740754,0.03222194
173,Zambia,ZMB,0.041620053,0.08967038,0.10395363,0.576673,0.002886195,0.017658701,0.01653807,0.009785239,0.009715667,0.014383329,0.003698041,0.0039039631,0.010418461,0.0944997,0.15203355,0.33202603,0.053110518,0.015445379,0.0078863185,0.012004216,0.032057643,0.045037728,0.008352788,0.021233736,0.0028868592,0.0013812574,0.006574154,0.008750983,0.008176386,0.006849893,0.0017266053,0.0030110807,0.0020724118
174,Zimbabwe,ZWE,0.036657553,0.5538316,0.8717386,0.38445982,0.30675247,0.63827,0.14025556,0.43100345,0.18710129,0.015045653,0.011564306,0.38337278,0.030643402,0.008091503,0.034920517,0.009306584,0.008558347,0.0026348874,0.47965622,0.0511972,0.03787213,0.21131814,0.4209892,0.77079874,0.46567014,0.5780774,0.6598646,0.54968214,0.009190767,0.17109822,0.30776218,0.0969062,0.012692844
